{
    "name": "root",
    "gauges": {
        "Brain.Policy.Entropy.mean": {
            "value": 0.7383564114570618,
            "min": 0.7037503123283386,
            "max": 1.0981730222702026,
            "count": 41
        },
        "Brain.Environment.EpisodeLength.mean": {
            "value": 7474.0,
            "min": 1218.0,
            "max": 40735.0,
            "count": 25
        },
        "Brain.Policy.ExtrinsicValueEstimate.mean": {
            "value": 1.0843780040740967,
            "min": -2.723773956298828,
            "max": 1.0843780040740967,
            "count": 41
        },
        "Brain.Environment.CumulativeReward.mean": {
            "value": -733.8500508069992,
            "min": -1846.0704231262207,
            "max": 185.3599238395691,
            "count": 24
        },
        "Brain.Policy.ExtrinsicReward.mean": {
            "value": -733.8500508069992,
            "min": -1846.0704231262207,
            "max": 185.3599238395691,
            "count": 24
        },
        "Brain.IsTraining.mean": {
            "value": 1.0,
            "min": 1.0,
            "max": 1.0,
            "count": 41
        },
        "Brain.Losses.PolicyLoss.mean": {
            "value": 0.09619474526580804,
            "min": 0.0895005055658874,
            "max": 0.10388537100248638,
            "count": 38
        },
        "Brain.Losses.ValueLoss.mean": {
            "value": 3902.094077911314,
            "min": 3.5695459718383202,
            "max": 14798.5181813265,
            "count": 38
        },
        "Brain.Policy.LearningRate.mean": {
            "value": 1.04592965136e-05,
            "min": 1.04592965136e-05,
            "max": 0.00029263260245579995,
            "count": 38
        },
        "Brain.Policy.Epsilon.mean": {
            "value": 0.10348639999999999,
            "min": 0.10348639999999999,
            "max": 0.19754420000000003,
            "count": 38
        },
        "Brain.Policy.Beta.mean": {
            "value": 4.4515359999999995e-05,
            "min": 4.4515359999999995e-05,
            "max": 0.00097568758,
            "count": 38
        }
    },
    "metadata": {
        "timer_format_version": "0.1.0",
        "start_time_seconds": "1651222969",
        "python_version": "3.7.9 (tags/v3.7.9:13c94747c7, Aug 17 2020, 16:30:00) [MSC v.1900 64 bit (AMD64)]",
        "command_line_arguments": "C:\\Users\\Owner\\AppData\\Local\\Packages\\PythonSoftwareFoundation.Python.3.7_qbz5n2kfra8p0\\LocalCache\\local-packages\\Python37\\Scripts\\mlagents-learn C:\\Users\\Owner\\Desktop\\Baby_Shark\\config\\Brain.yaml --run-id=FinalTrain1",
        "mlagents_version": "0.22.0",
        "mlagents_envs_version": "0.22.0",
        "communication_protocol_version": "1.2.0",
        "pytorch_version": "1.7.0+cu110",
        "numpy_version": "1.18.5",
        "end_time_seconds": "1651227669"
    },
    "total": 4700.4666705,
    "count": 1,
    "self": 0.15728610000041954,
    "children": {
        "run_training.setup": {
            "total": 0.022924399999999956,
            "count": 1,
            "self": 0.022924399999999956
        },
        "TrainerController.start_learning": {
            "total": 4700.286459999999,
            "count": 1,
            "self": 13.855855100034205,
            "children": {
                "TrainerController._reset_env": {
                    "total": 26.4181128,
                    "count": 1,
                    "self": 26.4181128
                },
                "TrainerController.advance": {
                    "total": 4659.942871299964,
                    "count": 500783,
                    "self": 7.403625300049498,
                    "children": {
                        "env_step": {
                            "total": 4652.539245999915,
                            "count": 500783,
                            "self": 3106.95854459996,
                            "children": {
                                "SubprocessEnvManager._take_step": {
                                    "total": 1538.6067912998901,
                                    "count": 500783,
                                    "self": 34.69041999980004,
                                    "children": {
                                        "TorchPolicy.evaluate": {
                                            "total": 1503.91637130009,
                                            "count": 500783,
                                            "self": 387.7120336001069,
                                            "children": {
                                                "TorchPolicy.sample_actions": {
                                                    "total": 1116.2043376999832,
                                                    "count": 500783,
                                                    "self": 1116.2043376999832
                                                }
                                            }
                                        }
                                    }
                                },
                                "workers": {
                                    "total": 6.973910100064433,
                                    "count": 500783,
                                    "self": 0.0,
                                    "children": {
                                        "worker_root": {
                                            "total": 4661.463595999647,
                                            "count": 500783,
                                            "is_parallel": true,
                                            "self": 2057.6066068996497,
                                            "children": {
                                                "steps_from_proto": {
                                                    "total": 0.0006081999999985044,
                                                    "count": 1,
                                                    "is_parallel": true,
                                                    "self": 0.00021839999999784254,
                                                    "children": {
                                                        "_process_vector_observation": {
                                                            "total": 0.00038980000000066184,
                                                            "count": 4,
                                                            "is_parallel": true,
                                                            "self": 0.00038980000000066184
                                                        }
                                                    }
                                                },
                                                "UnityEnvironment.step": {
                                                    "total": 2603.856380899997,
                                                    "count": 500783,
                                                    "is_parallel": true,
                                                    "self": 48.88455260022329,
                                                    "children": {
                                                        "UnityEnvironment._generate_step_input": {
                                                            "total": 35.42066749996468,
                                                            "count": 500783,
                                                            "is_parallel": true,
                                                            "self": 35.42066749996468
                                                        },
                                                        "communicator.exchange": {
                                                            "total": 2358.0021799998663,
                                                            "count": 500783,
                                                            "is_parallel": true,
                                                            "self": 2358.0021799998663
                                                        },
                                                        "steps_from_proto": {
                                                            "total": 161.54898079994283,
                                                            "count": 500783,
                                                            "is_parallel": true,
                                                            "self": 72.74090510001128,
                                                            "children": {
                                                                "_process_vector_observation": {
                                                                    "total": 88.80807569993155,
                                                                    "count": 2003132,
                                                                    "is_parallel": true,
                                                                    "self": 88.80807569993155
                                                                }
                                                            }
                                                        }
                                                    }
                                                }
                                            }
                                        }
                                    }
                                }
                            }
                        }
                    }
                },
                "trainer_threads": {
                    "total": 2.370000038354192e-05,
                    "count": 1,
                    "self": 2.370000038354192e-05,
                    "children": {
                        "thread_root": {
                            "total": 0.0,
                            "count": 0,
                            "is_parallel": true,
                            "self": 0.0,
                            "children": {
                                "trainer_advance": {
                                    "total": 4668.786244299978,
                                    "count": 274830,
                                    "is_parallel": true,
                                    "self": 10.611991899991153,
                                    "children": {
                                        "process_trajectory": {
                                            "total": 4240.8352455999875,
                                            "count": 274830,
                                            "is_parallel": true,
                                            "self": 4240.673276499987,
                                            "children": {
                                                "RLTrainer._checkpoint": {
                                                    "total": 0.16196910000053322,
                                                    "count": 1,
                                                    "is_parallel": true,
                                                    "self": 0.16196910000053322
                                                }
                                            }
                                        },
                                        "_update_policy": {
                                            "total": 417.3390067999991,
                                            "count": 39,
                                            "is_parallel": true,
                                            "self": 34.73209179997593,
                                            "children": {
                                                "TorchPPOOptimizer.update": {
                                                    "total": 382.60691500002315,
                                                    "count": 23160,
                                                    "is_parallel": true,
                                                    "self": 382.60691500002315
                                                }
                                            }
                                        }
                                    }
                                }
                            }
                        }
                    }
                },
                "TrainerController._save_models": {
                    "total": 0.0695971000004647,
                    "count": 1,
                    "self": 0.006952200000341691,
                    "children": {
                        "RLTrainer._checkpoint": {
                            "total": 0.06264490000012302,
                            "count": 1,
                            "self": 0.06264490000012302
                        }
                    }
                }
            }
        }
    }
}