{
    "Brain": {
        "checkpoints": [
            {
                "steps": 499775,
                "file_path": "results\\FinalTrain1\\Brain\\Brain-499775.onnx",
                "reward": -563.3999452590942,
                "creation_time": 1651227669.4089627
            },
            {
                "steps": 500775,
                "file_path": "results\\FinalTrain1\\Brain\\Brain-500775.onnx",
                "reward": -563.3999452590942,
                "creation_time": 1651227669.533459
            }
        ],
        "final_checkpoint": {
            "steps": 500775,
            "file_path": "results\\FinalTrain1\\Brain.onnx",
            "reward": -563.3999452590942,
            "creation_time": 1651227669.533459
        }
    },
    "metadata": {
        "stats_format_version": "0.2.0",
        "mlagents_version": "0.22.0",
        "torch_version": "1.7.0+cu110",
        "tensorflow_version": -1
    }
}