{
    "name": "root",
    "metadata": {
        "timer_format_version": "0.1.0",
        "start_time_seconds": "1651235620",
        "python_version": "3.7.9 (tags/v3.7.9:13c94747c7, Aug 17 2020, 16:30:00) [MSC v.1900 64 bit (AMD64)]",
        "command_line_arguments": "C:\\Users\\Owner\\AppData\\Local\\Packages\\PythonSoftwareFoundation.Python.3.7_qbz5n2kfra8p0\\LocalCache\\local-packages\\Python37\\Scripts\\mlagents-learn C:\\Users\\Owner\\Desktop\\Baby_Shark\\config\\Im\\Brain.yaml --initialize-from=FinalImTrain3 --run-id=FinalImTrain4",
        "mlagents_version": "0.22.0",
        "mlagents_envs_version": "0.22.0",
        "communication_protocol_version": "1.2.0",
        "pytorch_version": "1.7.0+cu110",
        "numpy_version": "1.18.5",
        "end_time_seconds": "1651235655"
    },
    "total": 34.7836978,
    "count": 1,
    "self": 0.1560372000000001,
    "children": {
        "run_training.setup": {
            "total": 0.16394740000000008,
            "count": 1,
            "self": 0.16394740000000008
        },
        "TrainerController.start_learning": {
            "total": 34.4637132,
            "count": 1,
            "self": 0.00020510000000228956,
            "children": {
                "TrainerController._reset_env": {
                    "total": 34.0948656,
                    "count": 1,
                    "self": 7.630669800000003,
                    "children": {
                        "demo_to_buffer": {
                            "total": 26.464195799999995,
                            "count": 2,
                            "self": 0.07215309999999064,
                            "children": {
                                "load_demonstration": {
                                    "total": 0.32829380000000263,
                                    "count": 2,
                                    "self": 0.3058463000000007,
                                    "children": {
                                        "read_file": {
                                            "total": 0.022447500000001952,
                                            "count": 2,
                                            "self": 0.022447500000001952
                                        }
                                    }
                                },
                                "make_demo_buffer": {
                                    "total": 26.0637489,
                                    "count": 2,
                                    "self": 4.657352999999976,
                                    "children": {
                                        "steps_from_proto": {
                                            "total": 21.406395900000025,
                                            "count": 105692,
                                            "self": 10.052764099999411,
                                            "children": {
                                                "_process_vector_observation": {
                                                    "total": 11.353631800000613,
                                                    "count": 422768,
                                                    "self": 11.353631800000613
                                                }
                                            }
                                        }
                                    }
                                }
                            }
                        }
                    }
                },
                "TrainerController._save_models": {
                    "total": 0.3686425,
                    "count": 1,
                    "self": 0.007639000000004614,
                    "children": {
                        "RLTrainer._checkpoint": {
                            "total": 0.36100349999999537,
                            "count": 1,
                            "self": 0.36100349999999537
                        }
                    }
                }
            }
        }
    }
}