{
    "name": "root",
    "metadata": {
        "timer_format_version": "0.1.0",
        "start_time_seconds": "1651235328",
        "python_version": "3.7.9 (tags/v3.7.9:13c94747c7, Aug 17 2020, 16:30:00) [MSC v.1900 64 bit (AMD64)]",
        "command_line_arguments": "C:\\Users\\Owner\\AppData\\Local\\Packages\\PythonSoftwareFoundation.Python.3.7_qbz5n2kfra8p0\\LocalCache\\local-packages\\Python37\\Scripts\\mlagents-learn C:\\Users\\Owner\\Desktop\\Baby_Shark\\config\\Brain.yaml --resume --run-id=FinalImTrain3",
        "mlagents_version": "0.22.0",
        "mlagents_envs_version": "0.22.0",
        "communication_protocol_version": "1.2.0",
        "pytorch_version": "1.7.0+cu110",
        "numpy_version": "1.18.5",
        "end_time_seconds": "1651235338"
    },
    "total": 9.2986442,
    "count": 1,
    "self": 0.15601999999999983,
    "children": {
        "run_training.setup": {
            "total": 0.027229699999999912,
            "count": 1,
            "self": 0.027229699999999912
        },
        "TrainerController.start_learning": {
            "total": 9.1153945,
            "count": 1,
            "self": 0.0001231000000014859,
            "children": {
                "TrainerController._reset_env": {
                    "total": 8.7396228,
                    "count": 1,
                    "self": 8.7396228
                },
                "TrainerController._save_models": {
                    "total": 0.3756485999999999,
                    "count": 1,
                    "self": 0.007624299999999806,
                    "children": {
                        "RLTrainer._checkpoint": {
                            "total": 0.3680243000000001,
                            "count": 1,
                            "self": 0.3680243000000001
                        }
                    }
                }
            }
        }
    }
}