{
    "Brain": {
        "checkpoints": [
            {
                "steps": 499724,
                "file_path": "results\\FinalImTrain3\\Brain\\Brain-499724.onnx",
                "reward": -990.0499267578125,
                "creation_time": 1651234653.5342178
            },
            {
                "steps": 502122,
                "file_path": "results\\FinalImTrain3\\Brain\\Brain-502122.onnx",
                "reward": -1022.8349599838257,
                "creation_time": 1651234653.750969
            },
            {
                "steps": 0,
                "file_path": "results\\FinalImTrain3\\Brain\\Brain-0.onnx",
                "reward": null,
                "creation_time": 1651235226.1614037
            },
            {
                "steps": 0,
                "file_path": "results\\FinalImTrain3\\Brain\\Brain-0.onnx",
                "reward": null,
                "creation_time": 1651235313.0901778
            },
            {
                "steps": 0,
                "file_path": "results\\FinalImTrain3\\Brain\\Brain-0.onnx",
                "reward": null,
                "creation_time": 1651235337.9791245
            }
        ],
        "final_checkpoint": {
            "steps": 0,
            "file_path": "results\\FinalImTrain3\\Brain.onnx",
            "reward": null,
            "creation_time": 1651235337.9791245
        }
    },
    "metadata": {
        "stats_format_version": "0.2.0",
        "mlagents_version": "0.22.0",
        "torch_version": "1.7.0+cu110",
        "tensorflow_version": -1
    }
}