{
    "name": "root",
    "gauges": {
        "Brain.Policy.Entropy.mean": {
            "value": 0.1879902482032776,
            "min": 0.1879902482032776,
            "max": 0.22416336834430695,
            "count": 5
        },
        "Brain.Policy.ExtrinsicValueEstimate.mean": {
            "value": 3.1047778129577637,
            "min": 2.5068657398223877,
            "max": 3.1047778129577637,
            "count": 5
        },
        "Brain.Losses.PolicyLoss.mean": {
            "value": 0.09715832284548755,
            "min": 0.08847442877332348,
            "max": 0.09947119443449547,
            "count": 5
        },
        "Brain.Losses.ValueLoss.mean": {
            "value": 252.25609392004918,
            "min": 252.25609392004918,
            "max": 2326.4920916883757,
            "count": 5
        },
        "Brain.Policy.LearningRate.mean": {
            "value": 2.9852040049349997e-05,
            "min": 2.9852040049349997e-05,
            "max": 0.0002692786388118857,
            "count": 5
        },
        "Brain.Policy.Epsilon.mean": {
            "value": 0.10995065000000001,
            "min": 0.10995065000000001,
            "max": 0.18975954285714286,
            "count": 5
        },
        "Brain.Policy.Beta.mean": {
            "value": 0.000108511435,
            "min": 0.000108511435,
            "max": 0.0008986194742857145,
            "count": 5
        },
        "Brain.Environment.EpisodeLength.mean": {
            "value": 57416.0,
            "min": 10466.333333333334,
            "max": 57416.0,
            "count": 5
        },
        "Brain.Environment.CumulativeReward.mean": {
            "value": 868.9172515869141,
            "min": -701.2548668119642,
            "max": 868.9172515869141,
            "count": 5
        },
        "Brain.Policy.ExtrinsicReward.mean": {
            "value": 868.9172515869141,
            "min": -701.2548668119642,
            "max": 868.9172515869141,
            "count": 5
        },
        "Brain.IsTraining.mean": {
            "value": 1.0,
            "min": 1.0,
            "max": 1.0,
            "count": 5
        }
    },
    "metadata": {
        "timer_format_version": "0.1.0",
        "start_time_seconds": "1651906009",
        "python_version": "3.7.9 (tags/v3.7.9:13c94747c7, Aug 17 2020, 16:30:00) [MSC v.1900 64 bit (AMD64)]",
        "command_line_arguments": "C:\\Users\\Owner\\AppData\\Local\\Packages\\PythonSoftwareFoundation.Python.3.7_qbz5n2kfra8p0\\LocalCache\\local-packages\\Python37\\Scripts\\mlagents-learn C:\\Users\\Owner\\Desktop\\Baby_Shark\\config\\Brain.yaml --initialize-from=PPOTraining3 --run-id=PPOTraining4",
        "mlagents_version": "0.22.0",
        "mlagents_envs_version": "0.22.0",
        "communication_protocol_version": "1.2.0",
        "pytorch_version": "1.7.0+cu110",
        "numpy_version": "1.18.5",
        "end_time_seconds": "1651910843"
    },
    "total": 4834.5878764,
    "count": 1,
    "self": 0.1688293999995949,
    "children": {
        "run_training.setup": {
            "total": 0.023069400000000018,
            "count": 1,
            "self": 0.023069400000000018
        },
        "TrainerController.start_learning": {
            "total": 4834.3959776,
            "count": 1,
            "self": 14.199329099918941,
            "children": {
                "TrainerController._reset_env": {
                    "total": 7.4151278,
                    "count": 1,
                    "self": 7.4151278
                },
                "TrainerController.advance": {
                    "total": 4812.696189700082,
                    "count": 500607,
                    "self": 7.593603600478673,
                    "children": {
                        "env_step": {
                            "total": 4805.102586099603,
                            "count": 500607,
                            "self": 3098.0399783998255,
                            "children": {
                                "SubprocessEnvManager._take_step": {
                                    "total": 1699.7411106997736,
                                    "count": 500607,
                                    "self": 39.43805909989101,
                                    "children": {
                                        "TorchPolicy.evaluate": {
                                            "total": 1660.3030515998826,
                                            "count": 500607,
                                            "self": 426.18673699995384,
                                            "children": {
                                                "TorchPolicy.sample_actions": {
                                                    "total": 1234.1163145999287,
                                                    "count": 500607,
                                                    "self": 1234.1163145999287
                                                }
                                            }
                                        }
                                    }
                                },
                                "workers": {
                                    "total": 7.321497000004236,
                                    "count": 500607,
                                    "self": 0.0,
                                    "children": {
                                        "worker_root": {
                                            "total": 4813.174181500123,
                                            "count": 500607,
                                            "is_parallel": true,
                                            "self": 2258.598467200158,
                                            "children": {
                                                "steps_from_proto": {
                                                    "total": 0.0004837999999995901,
                                                    "count": 1,
                                                    "is_parallel": true,
                                                    "self": 0.0002028999999996728,
                                                    "children": {
                                                        "_process_vector_observation": {
                                                            "total": 0.0002808999999999173,
                                                            "count": 4,
                                                            "is_parallel": true,
                                                            "self": 0.0002808999999999173
                                                        }
                                                    }
                                                },
                                                "UnityEnvironment.step": {
                                                    "total": 2554.575230499965,
                                                    "count": 500607,
                                                    "is_parallel": true,
                                                    "self": 51.196679899907394,
                                                    "children": {
                                                        "UnityEnvironment._generate_step_input": {
                                                            "total": 37.114047300088494,
                                                            "count": 500607,
                                                            "is_parallel": true,
                                                            "self": 37.114047300088494
                                                        },
                                                        "communicator.exchange": {
                                                            "total": 2299.484033599925,
                                                            "count": 500607,
                                                            "is_parallel": true,
                                                            "self": 2299.484033599925
                                                        },
                                                        "steps_from_proto": {
                                                            "total": 166.78046970004374,
                                                            "count": 500607,
                                                            "is_parallel": true,
                                                            "self": 74.85992890030158,
                                                            "children": {
                                                                "_process_vector_observation": {
                                                                    "total": 91.92054079974216,
                                                                    "count": 2002428,
                                                                    "is_parallel": true,
                                                                    "self": 91.92054079974216
                                                                }
                                                            }
                                                        }
                                                    }
                                                }
                                            }
                                        }
                                    }
                                }
                            }
                        }
                    }
                },
                "trainer_threads": {
                    "total": 2.3799999326001853e-05,
                    "count": 1,
                    "self": 2.3799999326001853e-05,
                    "children": {
                        "thread_root": {
                            "total": 0.0,
                            "count": 0,
                            "is_parallel": true,
                            "self": 0.0,
                            "children": {
                                "trainer_advance": {
                                    "total": 4821.269974599906,
                                    "count": 281833,
                                    "is_parallel": true,
                                    "self": 11.758625999847027,
                                    "children": {
                                        "process_trajectory": {
                                            "total": 4351.516072700059,
                                            "count": 281833,
                                            "is_parallel": true,
                                            "self": 4351.391345600059,
                                            "children": {
                                                "RLTrainer._checkpoint": {
                                                    "total": 0.12472710000020015,
                                                    "count": 1,
                                                    "is_parallel": true,
                                                    "self": 0.12472710000020015
                                                }
                                            }
                                        },
                                        "_update_policy": {
                                            "total": 457.9952758999995,
                                            "count": 39,
                                            "is_parallel": true,
                                            "self": 36.27807069998511,
                                            "children": {
                                                "TorchPPOOptimizer.update": {
                                                    "total": 421.7172052000144,
                                                    "count": 23199,
                                                    "is_parallel": true,
                                                    "self": 421.7172052000144
                                                }
                                            }
                                        }
                                    }
                                }
                            }
                        }
                    }
                },
                "TrainerController._save_models": {
                    "total": 0.08530719999998837,
                    "count": 1,
                    "self": 0.012402800000018033,
                    "children": {
                        "RLTrainer._checkpoint": {
                            "total": 0.07290439999997034,
                            "count": 1,
                            "self": 0.07290439999997034
                        }
                    }
                }
            }
        }
    }
}