{
    "Brain": {
        "checkpoints": [
            {
                "steps": 499601,
                "file_path": "results\\PPOTraining4\\Brain\\Brain-499601.onnx",
                "reward": null,
                "creation_time": 1651910843.4498582
            },
            {
                "steps": 500601,
                "file_path": "results\\PPOTraining4\\Brain\\Brain-500601.onnx",
                "reward": null,
                "creation_time": 1651910843.5936975
            }
        ],
        "final_checkpoint": {
            "steps": 500601,
            "file_path": "results\\PPOTraining4\\Brain.onnx",
            "reward": null,
            "creation_time": 1651910843.5936975
        }
    },
    "metadata": {
        "stats_format_version": "0.2.0",
        "mlagents_version": "0.22.0",
        "torch_version": "1.7.0+cu110",
        "tensorflow_version": -1
    }
}