{
    "name": "root",
    "gauges": {
        "Brain.Policy.Entropy.mean": {
            "value": 0.11860542744398117,
            "min": 0.11112949252128601,
            "max": 1.0815881490707397,
            "count": 20
        },
        "Brain.Policy.ExtrinsicValueEstimate.mean": {
            "value": 3.4194564819335938,
            "min": -7.419357776641846,
            "max": 3.736114740371704,
            "count": 20
        },
        "Brain.Environment.EpisodeLength.mean": {
            "value": 11787.333333333334,
            "min": 2352.5714285714284,
            "max": 99961.5,
            "count": 19
        },
        "Brain.Environment.CumulativeReward.mean": {
            "value": -574.1699347496033,
            "min": -3013.6755794525147,
            "max": 2699.2133251428604,
            "count": 19
        },
        "Brain.Policy.ExtrinsicReward.mean": {
            "value": -574.1699347496033,
            "min": -3013.6755794525147,
            "max": 2699.2133251428604,
            "count": 19
        },
        "Brain.Losses.PolicyLoss.mean": {
            "value": 0.09728466813080498,
            "min": 0.09407265769710915,
            "max": 0.10084820217887637,
            "count": 20
        },
        "Brain.Losses.ValueLoss.mean": {
            "value": 1509.7507728196113,
            "min": 246.7507173781633,
            "max": 9077.254709347038,
            "count": 20
        },
        "Brain.Policy.LearningRate.mean": {
            "value": 7.67407869200625e-06,
            "min": 7.67407869200625e-06,
            "max": 0.0002916431840356062,
            "count": 20
        },
        "Brain.Policy.Epsilon.mean": {
            "value": 0.10255799374999999,
            "min": 0.10255799374999999,
            "max": 0.19721439375,
            "count": 20
        },
        "Brain.Policy.Beta.mean": {
            "value": 3.5324138125e-05,
            "min": 3.5324138125e-05,
            "max": 0.000972422498125,
            "count": 20
        },
        "Brain.IsTraining.mean": {
            "value": 1.0,
            "min": 1.0,
            "max": 1.0,
            "count": 20
        }
    },
    "metadata": {
        "timer_format_version": "0.1.0",
        "start_time_seconds": "1652301768",
        "python_version": "3.7.9 (tags/v3.7.9:13c94747c7, Aug 17 2020, 16:30:00) [MSC v.1900 64 bit (AMD64)]",
        "command_line_arguments": "C:\\Users\\Owner\\AppData\\Local\\Packages\\PythonSoftwareFoundation.Python.3.7_qbz5n2kfra8p0\\LocalCache\\local-packages\\Python37\\Scripts\\mlagents-learn C:\\Users\\Owner\\Desktop\\Baby_Shark\\config\\Brain.yaml --run-id=PPOTrain",
        "mlagents_version": "0.22.0",
        "mlagents_envs_version": "0.22.0",
        "communication_protocol_version": "1.2.0",
        "pytorch_version": "1.7.0+cu110",
        "numpy_version": "1.18.5",
        "end_time_seconds": "1652319455"
    },
    "total": 17686.3478189,
    "count": 1,
    "self": 0.14822260000437382,
    "children": {
        "run_training.setup": {
            "total": 0.054983500000000074,
            "count": 1,
            "self": 0.054983500000000074
        },
        "TrainerController.start_learning": {
            "total": 17686.1446128,
            "count": 1,
            "self": 53.74822560048051,
            "children": {
                "TrainerController._reset_env": {
                    "total": 8.478109499999999,
                    "count": 1,
                    "self": 8.478109499999999
                },
                "TrainerController.advance": {
                    "total": 17623.843118399516,
                    "count": 2000371,
                    "self": 29.267820001823566,
                    "children": {
                        "env_step": {
                            "total": 17594.575298397693,
                            "count": 2000371,
                            "self": 11560.657838598652,
                            "children": {
                                "SubprocessEnvManager._take_step": {
                                    "total": 6006.63365140029,
                                    "count": 2000371,
                                    "self": 131.8114868997718,
                                    "children": {
                                        "TorchPolicy.evaluate": {
                                            "total": 5874.822164500518,
                                            "count": 2000371,
                                            "self": 1499.875257000458,
                                            "children": {
                                                "TorchPolicy.sample_actions": {
                                                    "total": 4374.94690750006,
                                                    "count": 2000371,
                                                    "self": 4374.94690750006
                                                }
                                            }
                                        }
                                    }
                                },
                                "workers": {
                                    "total": 27.283808398751006,
                                    "count": 2000371,
                                    "self": 0.0,
                                    "children": {
                                        "worker_root": {
                                            "total": 17623.32672689957,
                                            "count": 2000371,
                                            "is_parallel": true,
                                            "self": 8030.096440398083,
                                            "children": {
                                                "steps_from_proto": {
                                                    "total": 0.0004923999999997264,
                                                    "count": 1,
                                                    "is_parallel": true,
                                                    "self": 0.0002025000000012156,
                                                    "children": {
                                                        "_process_vector_observation": {
                                                            "total": 0.0002898999999985108,
                                                            "count": 4,
                                                            "is_parallel": true,
                                                            "self": 0.0002898999999985108
                                                        }
                                                    }
                                                },
                                                "UnityEnvironment.step": {
                                                    "total": 9593.229794101486,
                                                    "count": 2000371,
                                                    "is_parallel": true,
                                                    "self": 189.50320539823406,
                                                    "children": {
                                                        "UnityEnvironment._generate_step_input": {
                                                            "total": 137.7899087007521,
                                                            "count": 2000371,
                                                            "is_parallel": true,
                                                            "self": 137.7899087007521
                                                        },
                                                        "communicator.exchange": {
                                                            "total": 8628.630240701188,
                                                            "count": 2000371,
                                                            "is_parallel": true,
                                                            "self": 8628.630240701188
                                                        },
                                                        "steps_from_proto": {
                                                            "total": 637.306439301312,
                                                            "count": 2000371,
                                                            "is_parallel": true,
                                                            "self": 284.1895263035999,
                                                            "children": {
                                                                "_process_vector_observation": {
                                                                    "total": 353.1169129977121,
                                                                    "count": 8001484,
                                                                    "is_parallel": true,
                                                                    "self": 353.1169129977121
                                                                }
                                                            }
                                                        }
                                                    }
                                                }
                                            }
                                        }
                                    }
                                }
                            }
                        }
                    }
                },
                "trainer_threads": {
                    "total": 2.550000135670416e-05,
                    "count": 1,
                    "self": 2.550000135670416e-05,
                    "children": {
                        "thread_root": {
                            "total": 0.0,
                            "count": 0,
                            "is_parallel": true,
                            "self": 0.0,
                            "children": {
                                "trainer_advance": {
                                    "total": 17658.92064069972,
                                    "count": 1033770,
                                    "is_parallel": true,
                                    "self": 43.64724550020401,
                                    "children": {
                                        "process_trajectory": {
                                            "total": 15956.559729099501,
                                            "count": 1033770,
                                            "is_parallel": true,
                                            "self": 15956.179123199505,
                                            "children": {
                                                "RLTrainer._checkpoint": {
                                                    "total": 0.38060589999713557,
                                                    "count": 4,
                                                    "is_parallel": true,
                                                    "self": 0.38060589999713557
                                                }
                                            }
                                        },
                                        "_update_policy": {
                                            "total": 1658.7136661000145,
                                            "count": 156,
                                            "is_parallel": true,
                                            "self": 139.5516199998806,
                                            "children": {
                                                "TorchPPOOptimizer.update": {
                                                    "total": 1519.162046100134,
                                                    "count": 93303,
                                                    "is_parallel": true,
                                                    "self": 1519.162046100134
                                                }
                                            }
                                        }
                                    }
                                }
                            }
                        }
                    }
                },
                "TrainerController._save_models": {
                    "total": 0.07513380000091274,
                    "count": 1,
                    "self": 0.012712200001260499,
                    "children": {
                        "RLTrainer._checkpoint": {
                            "total": 0.062421599999652244,
                            "count": 1,
                            "self": 0.062421599999652244
                        }
                    }
                }
            }
        }
    }
}