{
    "Brain": {
        "checkpoints": [
            {
                "steps": 499781,
                "file_path": "results\\PPOTrain\\Brain\\Brain-499781.onnx",
                "reward": -801.6048974990845,
                "creation_time": 1652306220.6851292
            },
            {
                "steps": 999353,
                "file_path": "results\\PPOTrain\\Brain\\Brain-999353.onnx",
                "reward": null,
                "creation_time": 1652310636.3084636
            },
            {
                "steps": 1499117,
                "file_path": "results\\PPOTrain\\Brain\\Brain-1499117.onnx",
                "reward": null,
                "creation_time": 1652315045.5314305
            },
            {
                "steps": 1999366,
                "file_path": "results\\PPOTrain\\Brain\\Brain-1999366.onnx",
                "reward": null,
                "creation_time": 1652319454.9492927
            },
            {
                "steps": 2000366,
                "file_path": "results\\PPOTrain\\Brain\\Brain-2000366.onnx",
                "reward": null,
                "creation_time": 1652319455.0762677
            }
        ],
        "final_checkpoint": {
            "steps": 2000366,
            "file_path": "results\\PPOTrain\\Brain.onnx",
            "reward": null,
            "creation_time": 1652319455.0762677
        }
    },
    "metadata": {
        "stats_format_version": "0.2.0",
        "mlagents_version": "0.22.0",
        "torch_version": "1.7.0+cu110",
        "tensorflow_version": -1
    }
}