{
    "name": "root",
    "gauges": {
        "Brain.Policy.Entropy.mean": {
            "value": 0.4960181713104248,
            "min": 0.4960181713104248,
            "max": 1.091691255569458,
            "count": 10
        },
        "Brain.Policy.ExtrinsicValueEstimate.mean": {
            "value": 0.9103503823280334,
            "min": -5.296937465667725,
            "max": 0.9103503823280334,
            "count": 10
        },
        "Brain.Environment.EpisodeLength.mean": {
            "value": 8193.5,
            "min": 1406.2,
            "max": 24420.333333333332,
            "count": 10
        },
        "Brain.Environment.CumulativeReward.mean": {
            "value": -468.03833183770377,
            "min": -1300.9933853944142,
            "max": 74.57333690921466,
            "count": 10
        },
        "Brain.Policy.ExtrinsicReward.mean": {
            "value": -468.03833183770377,
            "min": -1300.9933853944142,
            "max": 74.57333690921466,
            "count": 10
        },
        "Brain.Losses.PolicyLoss.mean": {
            "value": 0.02439597660675645,
            "min": 0.02182025412408014,
            "max": 0.0264792919671163,
            "count": 10
        },
        "Brain.Losses.ValueLoss.mean": {
            "value": 1116.9635923306146,
            "min": 154.17711217602093,
            "max": 5677.810696411132,
            "count": 10
        },
        "Brain.Policy.LearningRate.mean": {
            "value": 1.615257461584e-05,
            "min": 1.615257461584e-05,
            "max": 0.0002845878051374,
            "count": 10
        },
        "Brain.Policy.Epsilon.mean": {
            "value": 0.10538415999999999,
            "min": 0.10538415999999999,
            "max": 0.19486260000000002,
            "count": 10
        },
        "Brain.Policy.Beta.mean": {
            "value": 0.00027866958400000005,
            "min": 0.00027866958400000005,
            "max": 0.00474364374,
            "count": 10
        },
        "Brain.IsTraining.mean": {
            "value": 1.0,
            "min": 1.0,
            "max": 1.0,
            "count": 10
        }
    },
    "metadata": {
        "timer_format_version": "0.1.0",
        "start_time_seconds": "1649779162",
        "python_version": "3.7.9 (tags/v3.7.9:13c94747c7, Aug 17 2020, 16:30:00) [MSC v.1900 64 bit (AMD64)]",
        "command_line_arguments": "C:\\Users\\Owner\\AppData\\Local\\Packages\\PythonSoftwareFoundation.Python.3.7_qbz5n2kfra8p0\\LocalCache\\local-packages\\Python37\\Scripts\\mlagents-learn --run-id=TrainOne",
        "mlagents_version": "0.22.0",
        "mlagents_envs_version": "0.22.0",
        "communication_protocol_version": "1.2.0",
        "pytorch_version": "1.7.0+cu110",
        "numpy_version": "1.18.5",
        "end_time_seconds": "1649782956"
    },
    "total": 3793.6649604,
    "count": 1,
    "self": 0.1584485999997014,
    "children": {
        "run_training.setup": {
            "total": 0.1863585000000001,
            "count": 1,
            "self": 0.1863585000000001
        },
        "TrainerController.start_learning": {
            "total": 3793.3201533,
            "count": 1,
            "self": 14.988332499932767,
            "children": {
                "TrainerController._reset_env": {
                    "total": 7.132590100000001,
                    "count": 1,
                    "self": 7.132590100000001
                },
                "TrainerController.advance": {
                    "total": 3771.1271218000675,
                    "count": 500058,
                    "self": 7.7023932000151945,
                    "children": {
                        "env_step": {
                            "total": 3763.4247286000523,
                            "count": 500058,
                            "self": 2242.744074799961,
                            "children": {
                                "SubprocessEnvManager._take_step": {
                                    "total": 1513.5440197000942,
                                    "count": 500058,
                                    "self": 37.581226499972445,
                                    "children": {
                                        "TorchPolicy.evaluate": {
                                            "total": 1475.9627932001217,
                                            "count": 500058,
                                            "self": 399.47433670016335,
                                            "children": {
                                                "TorchPolicy.sample_actions": {
                                                    "total": 1076.4884564999584,
                                                    "count": 500058,
                                                    "self": 1076.4884564999584
                                                }
                                            }
                                        }
                                    }
                                },
                                "workers": {
                                    "total": 7.13663409999708,
                                    "count": 500058,
                                    "self": 0.0,
                                    "children": {
                                        "worker_root": {
                                            "total": 3772.5094582999823,
                                            "count": 500058,
                                            "is_parallel": true,
                                            "self": 2215.3050898001165,
                                            "children": {
                                                "steps_from_proto": {
                                                    "total": 0.0005214999999996195,
                                                    "count": 1,
                                                    "is_parallel": true,
                                                    "self": 0.0002513000000003984,
                                                    "children": {
                                                        "_process_vector_observation": {
                                                            "total": 0.00027019999999922106,
                                                            "count": 4,
                                                            "is_parallel": true,
                                                            "self": 0.00027019999999922106
                                                        }
                                                    }
                                                },
                                                "UnityEnvironment.step": {
                                                    "total": 1557.2038469998658,
                                                    "count": 500058,
                                                    "is_parallel": true,
                                                    "self": 47.65430629967477,
                                                    "children": {
                                                        "UnityEnvironment._generate_step_input": {
                                                            "total": 35.30869529994166,
                                                            "count": 500058,
                                                            "is_parallel": true,
                                                            "self": 35.30869529994166
                                                        },
                                                        "communicator.exchange": {
                                                            "total": 1313.8665235001208,
                                                            "count": 500058,
                                                            "is_parallel": true,
                                                            "self": 1313.8665235001208
                                                        },
                                                        "steps_from_proto": {
                                                            "total": 160.3743219001285,
                                                            "count": 500058,
                                                            "is_parallel": true,
                                                            "self": 71.726382999825,
                                                            "children": {
                                                                "_process_vector_observation": {
                                                                    "total": 88.6479389003035,
                                                                    "count": 2000232,
                                                                    "is_parallel": true,
                                                                    "self": 88.6479389003035
                                                                }
                                                            }
                                                        }
                                                    }
                                                }
                                            }
                                        }
                                    }
                                }
                            }
                        }
                    }
                },
                "trainer_threads": {
                    "total": 2.390000008745119e-05,
                    "count": 1,
                    "self": 2.390000008745119e-05,
                    "children": {
                        "thread_root": {
                            "total": 0.0,
                            "count": 0,
                            "is_parallel": true,
                            "self": 0.0,
                            "children": {
                                "trainer_advance": {
                                    "total": 3781.2649800999257,
                                    "count": 237790,
                                    "is_parallel": true,
                                    "self": 10.90093389979802,
                                    "children": {
                                        "process_trajectory": {
                                            "total": 3696.459893400128,
                                            "count": 237790,
                                            "is_parallel": true,
                                            "self": 3696.352375500128,
                                            "children": {
                                                "RLTrainer._checkpoint": {
                                                    "total": 0.10751789999994799,
                                                    "count": 1,
                                                    "is_parallel": true,
                                                    "self": 0.10751789999994799
                                                }
                                            }
                                        },
                                        "_update_policy": {
                                            "total": 73.90415279999968,
                                            "count": 48,
                                            "is_parallel": true,
                                            "self": 37.314864900002064,
                                            "children": {
                                                "TorchPPOOptimizer.update": {
                                                    "total": 36.589287899997615,
                                                    "count": 1440,
                                                    "is_parallel": true,
                                                    "self": 36.589287899997615
                                                }
                                            }
                                        }
                                    }
                                }
                            }
                        }
                    }
                },
                "TrainerController._save_models": {
                    "total": 0.07208499999978812,
                    "count": 1,
                    "self": 0.01217049999968367,
                    "children": {
                        "RLTrainer._checkpoint": {
                            "total": 0.059914500000104454,
                            "count": 1,
                            "self": 0.059914500000104454
                        }
                    }
                }
            }
        }
    }
}