{
    "Brain": {
        "checkpoints": [
            {
                "steps": 499988,
                "file_path": "results\\TrainOne\\Brain\\Brain-499988.onnx",
                "reward": 731.5700516887009,
                "creation_time": 1649782956.3180206
            },
            {
                "steps": 500052,
                "file_path": "results\\TrainOne\\Brain\\Brain-500052.onnx",
                "reward": 731.5700516887009,
                "creation_time": 1649782956.3958921
            }
        ],
        "final_checkpoint": {
            "steps": 500052,
            "file_path": "results\\TrainOne\\Brain.onnx",
            "reward": 731.5700516887009,
            "creation_time": 1649782956.3958921
        }
    },
    "metadata": {
        "stats_format_version": "0.2.0",
        "mlagents_version": "0.22.0",
        "torch_version": "1.7.0+cu110",
        "tensorflow_version": -1
    }
}