{
    "name": "root",
    "gauges": {
        "Brain.Policy.Entropy.mean": {
            "value": 0.23088420927524567,
            "min": 0.23088420927524567,
            "max": 0.31587398052215576,
            "count": 5
        },
        "Brain.Policy.ExtrinsicValueEstimate.mean": {
            "value": 2.7661914825439453,
            "min": -0.34172046184539795,
            "max": 2.7661914825439453,
            "count": 5
        },
        "Brain.Losses.PolicyLoss.mean": {
            "value": 0.09692218256647675,
            "min": 0.09501174564562265,
            "max": 0.09692218256647675,
            "count": 5
        },
        "Brain.Losses.ValueLoss.mean": {
            "value": 859.4448045486395,
            "min": 497.39200179592245,
            "max": 1286.7427079575461,
            "count": 5
        },
        "Brain.Policy.LearningRate.mean": {
            "value": 3.067020406234286e-05,
            "min": 3.067020406234286e-05,
            "max": 0.0002691342960028571,
            "count": 5
        },
        "Brain.Policy.Epsilon.mean": {
            "value": 0.11022337142857143,
            "min": 0.11022337142857143,
            "max": 0.18971142857142856,
            "count": 5
        },
        "Brain.Policy.Beta.mean": {
            "value": 0.00011121137714285716,
            "min": 0.00011121137714285716,
            "max": 0.000898143142857143,
            "count": 5
        },
        "Brain.Environment.EpisodeLength.mean": {
            "value": 17446.333333333332,
            "min": 17446.333333333332,
            "max": 46836.5,
            "count": 5
        },
        "Brain.Environment.CumulativeReward.mean": {
            "value": -357.0525614420573,
            "min": -558.9216903686523,
            "max": 362.08781361579895,
            "count": 5
        },
        "Brain.Policy.ExtrinsicReward.mean": {
            "value": -357.0525614420573,
            "min": -558.9216903686523,
            "max": 362.08781361579895,
            "count": 5
        },
        "Brain.IsTraining.mean": {
            "value": 1.0,
            "min": 1.0,
            "max": 1.0,
            "count": 5
        }
    },
    "metadata": {
        "timer_format_version": "0.1.0",
        "start_time_seconds": "1651855270",
        "python_version": "3.7.9 (tags/v3.7.9:13c94747c7, Aug 17 2020, 16:30:00) [MSC v.1900 64 bit (AMD64)]",
        "command_line_arguments": "C:\\Users\\Owner\\AppData\\Local\\Packages\\PythonSoftwareFoundation.Python.3.7_qbz5n2kfra8p0\\LocalCache\\local-packages\\Python37\\Scripts\\mlagents-learn C:\\Users\\Owner\\Desktop\\Baby_Shark\\config\\Brain.yaml --initialize-from=PPOTraining1 --run-id=PPOTraining2",
        "mlagents_version": "0.22.0",
        "mlagents_envs_version": "0.22.0",
        "communication_protocol_version": "1.2.0",
        "pytorch_version": "1.7.0+cu110",
        "numpy_version": "1.18.5",
        "end_time_seconds": "1651860143"
    },
    "total": 4872.9832063,
    "count": 1,
    "self": 0.23687970000082714,
    "children": {
        "run_training.setup": {
            "total": 0.02288279999999987,
            "count": 1,
            "self": 0.02288279999999987
        },
        "TrainerController.start_learning": {
            "total": 4872.7234438,
            "count": 1,
            "self": 14.88149080006042,
            "children": {
                "TrainerController._reset_env": {
                    "total": 5.7355955000000005,
                    "count": 1,
                    "self": 5.7355955000000005
                },
                "TrainerController.advance": {
                    "total": 4852.023544099939,
                    "count": 500745,
                    "self": 7.6500150997844685,
                    "children": {
                        "env_step": {
                            "total": 4844.373529000154,
                            "count": 500745,
                            "self": 3123.800312600175,
                            "children": {
                                "SubprocessEnvManager._take_step": {
                                    "total": 1713.2799988998706,
                                    "count": 500745,
                                    "self": 37.5821635998675,
                                    "children": {
                                        "TorchPolicy.evaluate": {
                                            "total": 1675.6978353000031,
                                            "count": 500745,
                                            "self": 420.4263082997047,
                                            "children": {
                                                "TorchPolicy.sample_actions": {
                                                    "total": 1255.2715270002984,
                                                    "count": 500745,
                                                    "self": 1255.2715270002984
                                                }
                                            }
                                        }
                                    }
                                },
                                "workers": {
                                    "total": 7.29321750010856,
                                    "count": 500745,
                                    "self": 0.0,
                                    "children": {
                                        "worker_root": {
                                            "total": 4853.2058109999225,
                                            "count": 500745,
                                            "is_parallel": true,
                                            "self": 2272.9936165996833,
                                            "children": {
                                                "steps_from_proto": {
                                                    "total": 0.0004876999999998688,
                                                    "count": 1,
                                                    "is_parallel": true,
                                                    "self": 0.00021330000000041593,
                                                    "children": {
                                                        "_process_vector_observation": {
                                                            "total": 0.00027439999999945286,
                                                            "count": 4,
                                                            "is_parallel": true,
                                                            "self": 0.00027439999999945286
                                                        }
                                                    }
                                                },
                                                "UnityEnvironment.step": {
                                                    "total": 2580.211706700239,
                                                    "count": 500745,
                                                    "is_parallel": true,
                                                    "self": 49.71359850027784,
                                                    "children": {
                                                        "UnityEnvironment._generate_step_input": {
                                                            "total": 36.82461229988127,
                                                            "count": 500745,
                                                            "is_parallel": true,
                                                            "self": 36.82461229988127
                                                        },
                                                        "communicator.exchange": {
                                                            "total": 2326.3074407999807,
                                                            "count": 500745,
                                                            "is_parallel": true,
                                                            "self": 2326.3074407999807
                                                        },
                                                        "steps_from_proto": {
                                                            "total": 167.36605510009923,
                                                            "count": 500745,
                                                            "is_parallel": true,
                                                            "self": 74.74336990030751,
                                                            "children": {
                                                                "_process_vector_observation": {
                                                                    "total": 92.62268519979172,
                                                                    "count": 2002980,
                                                                    "is_parallel": true,
                                                                    "self": 92.62268519979172
                                                                }
                                                            }
                                                        }
                                                    }
                                                }
                                            }
                                        }
                                    }
                                }
                            }
                        }
                    }
                },
                "trainer_threads": {
                    "total": 2.570000015111873e-05,
                    "count": 1,
                    "self": 2.570000015111873e-05,
                    "children": {
                        "thread_root": {
                            "total": 0.0,
                            "count": 0,
                            "is_parallel": true,
                            "self": 0.0,
                            "children": {
                                "trainer_advance": {
                                    "total": 4861.531391900103,
                                    "count": 284689,
                                    "is_parallel": true,
                                    "self": 11.761065400188272,
                                    "children": {
                                        "process_trajectory": {
                                            "total": 4396.671097699916,
                                            "count": 284689,
                                            "is_parallel": true,
                                            "self": 4396.536041399915,
                                            "children": {
                                                "RLTrainer._checkpoint": {
                                                    "total": 0.13505630000054225,
                                                    "count": 1,
                                                    "is_parallel": true,
                                                    "self": 0.13505630000054225
                                                }
                                            }
                                        },
                                        "_update_policy": {
                                            "total": 453.099228799999,
                                            "count": 38,
                                            "is_parallel": true,
                                            "self": 38.95546149995232,
                                            "children": {
                                                "TorchPPOOptimizer.update": {
                                                    "total": 414.1437673000467,
                                                    "count": 22836,
                                                    "is_parallel": true,
                                                    "self": 414.1437673000467
                                                }
                                            }
                                        }
                                    }
                                }
                            }
                        }
                    }
                },
                "TrainerController._save_models": {
                    "total": 0.08278770000015356,
                    "count": 1,
                    "self": 0.012203500000396161,
                    "children": {
                        "RLTrainer._checkpoint": {
                            "total": 0.0705841999997574,
                            "count": 1,
                            "self": 0.0705841999997574
                        }
                    }
                }
            }
        }
    }
}