{
    "Brain": {
        "checkpoints": [
            {
                "steps": 499737,
                "file_path": "results\\PPOTraining2\\Brain\\Brain-499737.onnx",
                "reward": null,
                "creation_time": 1651860143.5442116
            },
            {
                "steps": 500737,
                "file_path": "results\\PPOTraining2\\Brain\\Brain-500737.onnx",
                "reward": null,
                "creation_time": 1651860143.691523
            }
        ],
        "final_checkpoint": {
            "steps": 500737,
            "file_path": "results\\PPOTraining2\\Brain.onnx",
            "reward": null,
            "creation_time": 1651860143.691523
        }
    },
    "metadata": {
        "stats_format_version": "0.2.0",
        "mlagents_version": "0.22.0",
        "torch_version": "1.7.0+cu110",
        "tensorflow_version": -1
    }
}