{
    "name": "root",
    "gauges": {
        "Brain.Policy.Entropy.mean": {
            "value": 0.4420045018196106,
            "min": 0.4420045018196106,
            "max": 0.4420045018196106,
            "count": 1
        },
        "Brain.Environment.EpisodeLength.mean": {
            "value": 3953.7391304347825,
            "min": 3953.7391304347825,
            "max": 3953.7391304347825,
            "count": 1
        },
        "Brain.Policy.ExtrinsicValueEstimate.mean": {
            "value": -0.06720204651355743,
            "min": -0.06720204651355743,
            "max": -0.06720204651355743,
            "count": 1
        },
        "Brain.Policy.GailValueEstimate.mean": {
            "value": 4.217742443084717,
            "min": 4.217742443084717,
            "max": 4.217742443084717,
            "count": 1
        },
        "Brain.Environment.CumulativeReward.mean": {
            "value": -1105.4930658858755,
            "min": -1105.4930658858755,
            "max": -1105.4930658858755,
            "count": 1
        },
        "Brain.Policy.ExtrinsicReward.mean": {
            "value": -1105.4930658858755,
            "min": -1105.4930658858755,
            "max": -1105.4930658858755,
            "count": 1
        },
        "Brain.Policy.GailReward.mean": {
            "value": 1477.2901848502781,
            "min": 1477.2901848502781,
            "max": 1477.2901848502781,
            "count": 1
        },
        "Brain.Losses.PolicyLoss.mean": {
            "value": 0.10296610808563918,
            "min": 0.10296610808563918,
            "max": 0.10296610808563918,
            "count": 1
        },
        "Brain.Losses.ValueLoss.mean": {
            "value": 3332.1894130582405,
            "min": 3332.1894130582405,
            "max": 3332.1894130582405,
            "count": 1
        },
        "Brain.Policy.LearningRate.mean": {
            "value": 0.00026964232440494285,
            "min": 0.00026964232440494285,
            "max": 0.00026964232440494285,
            "count": 1
        },
        "Brain.Policy.Epsilon.mean": {
            "value": 0.18988077142857143,
            "min": 0.18988077142857143,
            "max": 0.18988077142857143,
            "count": 1
        },
        "Brain.Policy.Beta.mean": {
            "value": 0.0008998196371428572,
            "min": 0.0008998196371428572,
            "max": 0.0008998196371428572,
            "count": 1
        },
        "Brain.Policy.GAILPolicyEstimate.mean": {
            "value": 0.4303671453401253,
            "min": 0.4303671453401253,
            "max": 0.4303671453401253,
            "count": 1
        },
        "Brain.Policy.GAILExpertEstimate.mean": {
            "value": 0.5565455883162442,
            "min": 0.5565455883162442,
            "max": 0.5565455883162442,
            "count": 1
        },
        "Brain.Losses.GAILLoss.mean": {
            "value": 1.2066809929844666,
            "min": 1.2066809929844666,
            "max": 1.2066809929844666,
            "count": 1
        },
        "Brain.Policy.GAILGradMagLoss.mean": {
            "value": 0.11422563743675804,
            "min": 0.11422563743675804,
            "max": 0.11422563743675804,
            "count": 1
        },
        "Brain.Losses.PretrainingLoss.mean": {
            "value": 0.2896534384007067,
            "min": 0.2896534384007067,
            "max": 0.2896534384007067,
            "count": 1
        },
        "Brain.IsTraining.mean": {
            "value": 1.0,
            "min": 1.0,
            "max": 1.0,
            "count": 1
        }
    },
    "metadata": {
        "timer_format_version": "0.1.0",
        "start_time_seconds": "1651821194",
        "python_version": "3.7.9 (tags/v3.7.9:13c94747c7, Aug 17 2020, 16:30:00) [MSC v.1900 64 bit (AMD64)]",
        "command_line_arguments": "C:\\Users\\Owner\\AppData\\Local\\Packages\\PythonSoftwareFoundation.Python.3.7_qbz5n2kfra8p0\\LocalCache\\local-packages\\Python37\\Scripts\\mlagents-learn C:\\Users\\Owner\\Desktop\\Baby_Shark\\config\\Im\\Brain.yaml --run-id=Baby_Imitation",
        "mlagents_version": "0.22.0",
        "mlagents_envs_version": "0.22.0",
        "communication_protocol_version": "1.2.0",
        "pytorch_version": "1.7.0+cu110",
        "numpy_version": "1.18.5",
        "end_time_seconds": "1651822747"
    },
    "total": 1553.1654461,
    "count": 1,
    "self": 0.006532000000106564,
    "children": {
        "run_training.setup": {
            "total": 0.05428300000000075,
            "count": 1,
            "self": 0.05428300000000075
        },
        "TrainerController.start_learning": {
            "total": 1553.1046311,
            "count": 1,
            "self": 3.930840700027602,
            "children": {
                "TrainerController._reset_env": {
                    "total": 97.890548,
                    "count": 1,
                    "self": 7.355295099999978,
                    "children": {
                        "demo_to_buffer": {
                            "total": 90.53525290000002,
                            "count": 2,
                            "self": 0.3034819000000084,
                            "children": {
                                "load_demonstration": {
                                    "total": 1.1860116000000023,
                                    "count": 2,
                                    "self": 1.101673400000001,
                                    "children": {
                                        "read_file": {
                                            "total": 0.08433820000000125,
                                            "count": 6,
                                            "self": 0.08433820000000125
                                        }
                                    }
                                },
                                "make_demo_buffer": {
                                    "total": 89.04575940000001,
                                    "count": 2,
                                    "self": 15.961654400000853,
                                    "children": {
                                        "steps_from_proto": {
                                            "total": 73.08410499999916,
                                            "count": 349156,
                                            "self": 34.036977000008335,
                                            "children": {
                                                "_process_vector_observation": {
                                                    "total": 39.04712799999082,
                                                    "count": 1396624,
                                                    "self": 39.04712799999082
                                                }
                                            }
                                        }
                                    }
                                }
                            }
                        }
                    }
                },
                "TrainerController.advance": {
                    "total": 1451.1084189999724,
                    "count": 100961,
                    "self": 1.5592032999531966,
                    "children": {
                        "env_step": {
                            "total": 1449.5492157000192,
                            "count": 100961,
                            "self": 1022.777453900004,
                            "children": {
                                "SubprocessEnvManager._take_step": {
                                    "total": 425.2692344000126,
                                    "count": 100961,
                                    "self": 7.936837600060301,
                                    "children": {
                                        "TorchPolicy.evaluate": {
                                            "total": 417.3323967999523,
                                            "count": 100961,
                                            "self": 94.40572399994215,
                                            "children": {
                                                "TorchPolicy.sample_actions": {
                                                    "total": 322.9266728000101,
                                                    "count": 100961,
                                                    "self": 322.9266728000101
                                                }
                                            }
                                        }
                                    }
                                },
                                "workers": {
                                    "total": 1.5025274000025775,
                                    "count": 100960,
                                    "self": 0.0,
                                    "children": {
                                        "worker_root": {
                                            "total": 1184.0618557000125,
                                            "count": 100960,
                                            "is_parallel": true,
                                            "self": 636.2065760000285,
                                            "children": {
                                                "steps_from_proto": {
                                                    "total": 0.000512800000000091,
                                                    "count": 1,
                                                    "is_parallel": true,
                                                    "self": 0.00019309999999883587,
                                                    "children": {
                                                        "_process_vector_observation": {
                                                            "total": 0.0003197000000012551,
                                                            "count": 4,
                                                            "is_parallel": true,
                                                            "self": 0.0003197000000012551
                                                        }
                                                    }
                                                },
                                                "UnityEnvironment.step": {
                                                    "total": 547.854766899984,
                                                    "count": 100960,
                                                    "is_parallel": true,
                                                    "self": 10.541048099990803,
                                                    "children": {
                                                        "UnityEnvironment._generate_step_input": {
                                                            "total": 7.6763077999920455,
                                                            "count": 100960,
                                                            "is_parallel": true,
                                                            "self": 7.6763077999920455
                                                        },
                                                        "communicator.exchange": {
                                                            "total": 495.4810114999993,
                                                            "count": 100960,
                                                            "is_parallel": true,
                                                            "self": 495.4810114999993
                                                        },
                                                        "steps_from_proto": {
                                                            "total": 34.156399500001896,
                                                            "count": 100960,
                                                            "is_parallel": true,
                                                            "self": 15.374851199967495,
                                                            "children": {
                                                                "_process_vector_observation": {
                                                                    "total": 18.7815483000344,
                                                                    "count": 403840,
                                                                    "is_parallel": true,
                                                                    "self": 18.7815483000344
                                                                }
                                                            }
                                                        }
                                                    }
                                                }
                                            }
                                        }
                                    }
                                }
                            }
                        }
                    }
                },
                "trainer_threads": {
                    "total": 3.050000009352516e-05,
                    "count": 1,
                    "self": 3.050000009352516e-05,
                    "children": {
                        "thread_root": {
                            "total": 0.0,
                            "count": 0,
                            "is_parallel": true,
                            "self": 0.0,
                            "children": {
                                "trainer_advance": {
                                    "total": 1093.2628388000137,
                                    "count": 33513,
                                    "is_parallel": true,
                                    "self": 0.0,
                                    "children": {
                                        "process_trajectory": {
                                            "total": 880.6233538999971,
                                            "count": 33514,
                                            "is_parallel": true,
                                            "self": 880.6233538999971
                                        },
                                        "_update_policy": {
                                            "total": 571.3027824000001,
                                            "count": 7,
                                            "is_parallel": true,
                                            "self": 285.3154403000108,
                                            "children": {
                                                "TorchPPOOptimizer.update": {
                                                    "total": 146.4893602999956,
                                                    "count": 4171,
                                                    "is_parallel": true,
                                                    "self": 146.4893602999956
                                                },
                                                "TorchPolicy.sample_actions": {
                                                    "total": 139.49798179999368,
                                                    "count": 28623,
                                                    "is_parallel": true,
                                                    "self": 139.49798179999368
                                                }
                                            }
                                        }
                                    }
                                }
                            }
                        }
                    }
                },
                "TrainerController._save_models": {
                    "total": 0.1747928999998294,
                    "count": 1,
                    "self": 0.01334059999976489,
                    "children": {
                        "RLTrainer._checkpoint": {
                            "total": 0.1614523000000645,
                            "count": 1,
                            "self": 0.1614523000000645
                        }
                    }
                }
            }
        }
    }
}