{
    "Brain": {
        "checkpoints": [
            {
                "steps": 100959,
                "file_path": "results\\Baby_Imitation\\Brain\\Brain-100959.onnx",
                "reward": null,
                "creation_time": 1651822747.190897
            }
        ],
        "final_checkpoint": {
            "steps": 100959,
            "file_path": "results\\Baby_Imitation\\Brain.onnx",
            "reward": null,
            "creation_time": 1651822747.190897
        }
    },
    "metadata": {
        "stats_format_version": "0.2.0",
        "mlagents_version": "0.22.0",
        "torch_version": "1.7.0+cu110",
        "tensorflow_version": -1
    }
}