{
    "name": "root",
    "gauges": {
        "Brain.Policy.Entropy.mean": {
            "value": 0.12595081329345703,
            "min": 0.12148875743150711,
            "max": 0.37855446338653564,
            "count": 5
        },
        "Brain.Environment.EpisodeLength.mean": {
            "value": 4409.95652173913,
            "min": 3190.757575757576,
            "max": 5327.631578947368,
            "count": 5
        },
        "Brain.Policy.ExtrinsicValueEstimate.mean": {
            "value": -0.10697069764137268,
            "min": -0.17356856167316437,
            "max": -0.09340818226337433,
            "count": 5
        },
        "Brain.Policy.GailValueEstimate.mean": {
            "value": 54.887508392333984,
            "min": 8.10727596282959,
            "max": 54.887508392333984,
            "count": 5
        },
        "Brain.Environment.CumulativeReward.mean": {
            "value": -1068.3542420345805,
            "min": -1175.264975297451,
            "max": -1068.3542420345805,
            "count": 5
        },
        "Brain.Policy.ExtrinsicReward.mean": {
            "value": -106.83542406947717,
            "min": -117.52649795114993,
            "max": -106.83542406947717,
            "count": 5
        },
        "Brain.Policy.GailReward.mean": {
            "value": 3492.6834203678627,
            "min": 2330.133098959923,
            "max": 4021.9928123072573,
            "count": 5
        },
        "Brain.Losses.PolicyLoss.mean": {
            "value": 0.10014531014384265,
            "min": 0.10014531014384265,
            "max": 0.10383372641176633,
            "count": 5
        },
        "Brain.Losses.ValueLoss.mean": {
            "value": 333.74988170796246,
            "min": 330.8345603485488,
            "max": 647.3280420849924,
            "count": 5
        },
        "Brain.Policy.LearningRate.mean": {
            "value": 3.362521379162499e-05,
            "min": 3.362521379162499e-05,
            "max": 0.00026605546131485,
            "count": 5
        },
        "Brain.Policy.Epsilon.mean": {
            "value": 0.11120837500000001,
            "min": 0.11120837500000001,
            "max": 0.18868515000000002,
            "count": 5
        },
        "Brain.Policy.Beta.mean": {
            "value": 0.0001209629125,
            "min": 0.0001209629125,
            "max": 0.000887982985,
            "count": 5
        },
        "Brain.Policy.GAILPolicyEstimate.mean": {
            "value": 0.33841050134538747,
            "min": 0.33841050134538747,
            "max": 0.4250950269015208,
            "count": 5
        },
        "Brain.Policy.GAILExpertEstimate.mean": {
            "value": 0.6578811299371234,
            "min": 0.5759158013622823,
            "max": 0.6578811299371234,
            "count": 5
        },
        "Brain.Losses.GAILLoss.mean": {
            "value": 0.9547351468197955,
            "min": 0.9547351468197955,
            "max": 1.172234177725668,
            "count": 5
        },
        "Brain.Policy.GAILGradMagLoss.mean": {
            "value": 0.02939774253611014,
            "min": 0.02662480847133006,
            "max": 0.09976511394981492,
            "count": 5
        },
        "Brain.Losses.PretrainingLoss.mean": {
            "value": 0.06387805681871747,
            "min": 0.06387805681871747,
            "max": 0.21482646710841327,
            "count": 5
        },
        "Brain.IsTraining.mean": {
            "value": 1.0,
            "min": 1.0,
            "max": 1.0,
            "count": 5
        }
    },
    "metadata": {
        "timer_format_version": "0.1.0",
        "start_time_seconds": "1651825938",
        "python_version": "3.7.9 (tags/v3.7.9:13c94747c7, Aug 17 2020, 16:30:00) [MSC v.1900 64 bit (AMD64)]",
        "command_line_arguments": "C:\\Users\\Owner\\AppData\\Local\\Packages\\PythonSoftwareFoundation.Python.3.7_qbz5n2kfra8p0\\LocalCache\\local-packages\\Python37\\Scripts\\mlagents-learn C:\\Users\\Owner\\Desktop\\Baby_Shark\\config\\Im\\Brain.yaml --run-id=Baby_Imitation3",
        "mlagents_version": "0.22.0",
        "mlagents_envs_version": "0.22.0",
        "communication_protocol_version": "1.2.0",
        "pytorch_version": "1.7.0+cu110",
        "numpy_version": "1.18.5",
        "end_time_seconds": "1651831545"
    },
    "total": 5607.4462944,
    "count": 1,
    "self": 0.14960399999927176,
    "children": {
        "run_training.setup": {
            "total": 0.024725700000000073,
            "count": 1,
            "self": 0.024725700000000073
        },
        "TrainerController.start_learning": {
            "total": 5607.2719647,
            "count": 1,
            "self": 14.652944800013756,
            "children": {
                "TrainerController._reset_env": {
                    "total": 96.97304910000001,
                    "count": 1,
                    "self": 6.47281670000001,
                    "children": {
                        "demo_to_buffer": {
                            "total": 90.5002324,
                            "count": 2,
                            "self": 0.29589420000000644,
                            "children": {
                                "load_demonstration": {
                                    "total": 1.1251516999999964,
                                    "count": 2,
                                    "self": 1.0441624999999863,
                                    "children": {
                                        "read_file": {
                                            "total": 0.08098920000001009,
                                            "count": 6,
                                            "self": 0.08098920000001009
                                        }
                                    }
                                },
                                "make_demo_buffer": {
                                    "total": 89.0791865,
                                    "count": 2,
                                    "self": 15.806994499997856,
                                    "children": {
                                        "steps_from_proto": {
                                            "total": 73.27219200000215,
                                            "count": 349156,
                                            "self": 34.43229420000142,
                                            "children": {
                                                "_process_vector_observation": {
                                                    "total": 38.83989780000073,
                                                    "count": 1396624,
                                                    "self": 38.83989780000073
                                                }
                                            }
                                        }
                                    }
                                }
                            }
                        }
                    }
                },
                "TrainerController.advance": {
                    "total": 5495.571010499985,
                    "count": 500240,
                    "self": 7.589507699968635,
                    "children": {
                        "env_step": {
                            "total": 5487.981502800017,
                            "count": 500240,
                            "self": 3321.320207200044,
                            "children": {
                                "SubprocessEnvManager._take_step": {
                                    "total": 2159.0757576999863,
                                    "count": 500240,
                                    "self": 39.15839150002739,
                                    "children": {
                                        "TorchPolicy.evaluate": {
                                            "total": 2119.917366199959,
                                            "count": 500240,
                                            "self": 459.00822730000095,
                                            "children": {
                                                "TorchPolicy.sample_actions": {
                                                    "total": 1660.909138899958,
                                                    "count": 500240,
                                                    "self": 1660.909138899958
                                                }
                                            }
                                        }
                                    }
                                },
                                "workers": {
                                    "total": 7.5855378999865195,
                                    "count": 500240,
                                    "self": 0.0,
                                    "children": {
                                        "worker_root": {
                                            "total": 5586.283110000139,
                                            "count": 500240,
                                            "is_parallel": true,
                                            "self": 2852.6555938001043,
                                            "children": {
                                                "steps_from_proto": {
                                                    "total": 0.00047710000000034114,
                                                    "count": 1,
                                                    "is_parallel": true,
                                                    "self": 0.0002457000000006815,
                                                    "children": {
                                                        "_process_vector_observation": {
                                                            "total": 0.00023139999999965966,
                                                            "count": 4,
                                                            "is_parallel": true,
                                                            "self": 0.00023139999999965966
                                                        }
                                                    }
                                                },
                                                "UnityEnvironment.step": {
                                                    "total": 2733.6270391000344,
                                                    "count": 500240,
                                                    "is_parallel": true,
                                                    "self": 52.554263600329705,
                                                    "children": {
                                                        "UnityEnvironment._generate_step_input": {
                                                            "total": 37.381172700134584,
                                                            "count": 500240,
                                                            "is_parallel": true,
                                                            "self": 37.381172700134584
                                                        },
                                                        "communicator.exchange": {
                                                            "total": 2472.5689479998414,
                                                            "count": 500240,
                                                            "is_parallel": true,
                                                            "self": 2472.5689479998414
                                                        },
                                                        "steps_from_proto": {
                                                            "total": 171.122654799729,
                                                            "count": 500240,
                                                            "is_parallel": true,
                                                            "self": 77.15131609993672,
                                                            "children": {
                                                                "_process_vector_observation": {
                                                                    "total": 93.97133869979227,
                                                                    "count": 2000960,
                                                                    "is_parallel": true,
                                                                    "self": 93.97133869979227
                                                                }
                                                            }
                                                        }
                                                    }
                                                }
                                            }
                                        }
                                    }
                                }
                            }
                        }
                    }
                },
                "trainer_threads": {
                    "total": 6.890000076964498e-05,
                    "count": 1,
                    "self": 6.890000076964498e-05,
                    "children": {
                        "thread_root": {
                            "total": 0.0,
                            "count": 0,
                            "is_parallel": true,
                            "self": 0.0,
                            "children": {
                                "trainer_advance": {
                                    "total": 5507.374110399971,
                                    "count": 143189,
                                    "is_parallel": true,
                                    "self": 6.222816900026373,
                                    "children": {
                                        "process_trajectory": {
                                            "total": 2231.260586699946,
                                            "count": 143189,
                                            "is_parallel": true,
                                            "self": 2231.1383522999463,
                                            "children": {
                                                "RLTrainer._checkpoint": {
                                                    "total": 0.12223439999979746,
                                                    "count": 1,
                                                    "is_parallel": true,
                                                    "self": 0.12223439999979746
                                                }
                                            }
                                        },
                                        "_update_policy": {
                                            "total": 3269.890706799999,
                                            "count": 39,
                                            "is_parallel": true,
                                            "self": 1641.4593586999204,
                                            "children": {
                                                "TorchPPOOptimizer.update": {
                                                    "total": 825.3348272999501,
                                                    "count": 22809,
                                                    "is_parallel": true,
                                                    "self": 825.3348272999501
                                                },
                                                "TorchPolicy.sample_actions": {
                                                    "total": 803.0965208001286,
                                                    "count": 159471,
                                                    "is_parallel": true,
                                                    "self": 803.0965208001286
                                                }
                                            }
                                        }
                                    }
                                }
                            }
                        }
                    }
                },
                "TrainerController._save_models": {
                    "total": 0.0748914000005243,
                    "count": 1,
                    "self": 0.009208600001329614,
                    "children": {
                        "RLTrainer._checkpoint": {
                            "total": 0.06568279999919469,
                            "count": 1,
                            "self": 0.06568279999919469
                        }
                    }
                }
            }
        }
    }
}