{
    "Brain": {
        "checkpoints": [
            {
                "steps": 499234,
                "file_path": "results\\Baby_Imitation3\\Brain\\Brain-499234.onnx",
                "reward": -941.9035836219788,
                "creation_time": 1651831545.2163482
            },
            {
                "steps": 500234,
                "file_path": "results\\Baby_Imitation3\\Brain\\Brain-500234.onnx",
                "reward": -941.9035836219788,
                "creation_time": 1651831545.364181
            }
        ],
        "final_checkpoint": {
            "steps": 500234,
            "file_path": "results\\Baby_Imitation3\\Brain.onnx",
            "reward": -941.9035836219788,
            "creation_time": 1651831545.364181
        }
    },
    "metadata": {
        "stats_format_version": "0.2.0",
        "mlagents_version": "0.22.0",
        "torch_version": "1.7.0+cu110",
        "tensorflow_version": -1
    }
}