{
    "name": "root",
    "metadata": {
        "timer_format_version": "0.1.0",
        "start_time_seconds": "1651229485",
        "python_version": "3.7.9 (tags/v3.7.9:13c94747c7, Aug 17 2020, 16:30:00) [MSC v.1900 64 bit (AMD64)]",
        "command_line_arguments": "C:\\Users\\Owner\\AppData\\Local\\Packages\\PythonSoftwareFoundation.Python.3.7_qbz5n2kfra8p0\\LocalCache\\local-packages\\Python37\\Scripts\\mlagents-learn C:\\Users\\Owner\\Desktop\\Baby_Shark\\config\\Im\\Brain.yaml --run-id=FinalImTrain1",
        "mlagents_version": "0.22.0",
        "mlagents_envs_version": "0.22.0",
        "communication_protocol_version": "1.2.0",
        "pytorch_version": "1.7.0+cu110",
        "numpy_version": "1.18.5",
        "end_time_seconds": "1651229495"
    },
    "total": 10.1728741,
    "count": 1,
    "self": 0.16821859999999944,
    "children": {
        "run_training.setup": {
            "total": 0.023590600000000128,
            "count": 1,
            "self": 0.023590600000000128
        },
        "TrainerController.start_learning": {
            "total": 9.9810649,
            "count": 1,
            "self": 0.0002279999999981186,
            "children": {
                "TrainerController._reset_env": {
                    "total": 9.9788235,
                    "count": 1,
                    "self": 9.978454500000002,
                    "children": {
                        "demo_to_buffer": {
                            "total": 0.00036899999999917554,
                            "count": 1,
                            "self": 4.699999999857596e-05,
                            "children": {
                                "load_demonstration": {
                                    "total": 0.0003220000000005996,
                                    "count": 1,
                                    "self": 0.0003220000000005996
                                }
                            }
                        }
                    }
                },
                "TrainerController._save_models": {
                    "total": 0.002013400000000942,
                    "count": 1,
                    "self": 0.0005490000000012429,
                    "children": {
                        "RLTrainer._checkpoint": {
                            "total": 0.0014643999999996993,
                            "count": 1,
                            "self": 0.0014643999999996993
                        }
                    }
                }
            }
        }
    }
}