{
    "name": "root",
    "gauges": {
        "Brain.Policy.Entropy.mean": {
            "value": 0.12597575783729553,
            "min": 0.12597575783729553,
            "max": 0.19746220111846924,
            "count": 5
        },
        "Brain.Policy.ExtrinsicValueEstimate.mean": {
            "value": 3.775984525680542,
            "min": 3.4026222229003906,
            "max": 3.775984525680542,
            "count": 5
        },
        "Brain.Losses.PolicyLoss.mean": {
            "value": 0.09812294067664205,
            "min": 0.09702911973495426,
            "max": 0.09945703595152873,
            "count": 5
        },
        "Brain.Losses.ValueLoss.mean": {
            "value": 2.0528551931116135,
            "min": 2.0528551931116135,
            "max": 1021.6338772583446,
            "count": 5
        },
        "Brain.Policy.LearningRate.mean": {
            "value": 2.9679690106799995e-05,
            "min": 2.9679690106799995e-05,
            "max": 0.00026972941009019994,
            "count": 5
        },
        "Brain.Policy.Epsilon.mean": {
            "value": 0.10989320000000001,
            "min": 0.10989320000000001,
            "max": 0.1899098,
            "count": 5
        },
        "Brain.Policy.Beta.mean": {
            "value": 0.00010794267999999998,
            "min": 0.00010794267999999998,
            "max": 0.0009001070200000001,
            "count": 5
        },
        "Brain.Environment.EpisodeLength.mean": {
            "value": 58708.0,
            "min": 18515.666666666668,
            "max": 71159.0,
            "count": 4
        },
        "Brain.Environment.CumulativeReward.mean": {
            "value": 1222.9593658447266,
            "min": -405.5665356318156,
            "max": 1505.7853956222534,
            "count": 4
        },
        "Brain.Policy.ExtrinsicReward.mean": {
            "value": 1222.9593658447266,
            "min": -405.5665356318156,
            "max": 1505.7853956222534,
            "count": 4
        },
        "Brain.IsTraining.mean": {
            "value": 1.0,
            "min": 1.0,
            "max": 1.0,
            "count": 5
        }
    },
    "metadata": {
        "timer_format_version": "0.1.0",
        "start_time_seconds": "1651916522",
        "python_version": "3.7.9 (tags/v3.7.9:13c94747c7, Aug 17 2020, 16:30:00) [MSC v.1900 64 bit (AMD64)]",
        "command_line_arguments": "C:\\Users\\Owner\\AppData\\Local\\Packages\\PythonSoftwareFoundation.Python.3.7_qbz5n2kfra8p0\\LocalCache\\local-packages\\Python37\\Scripts\\mlagents-learn C:\\Users\\Owner\\Desktop\\Baby_Shark\\config\\Brain.yaml --initialize-from=PPOTraining5 --run-id=PPOTraining6",
        "mlagents_version": "0.22.0",
        "mlagents_envs_version": "0.22.0",
        "communication_protocol_version": "1.2.0",
        "pytorch_version": "1.7.0+cu110",
        "numpy_version": "1.18.5",
        "end_time_seconds": "1651921577"
    },
    "total": 5054.805482899999,
    "count": 1,
    "self": 0.16512089999923774,
    "children": {
        "run_training.setup": {
            "total": 0.023457099999999897,
            "count": 1,
            "self": 0.023457099999999897
        },
        "TrainerController.start_learning": {
            "total": 5054.6169049,
            "count": 1,
            "self": 15.842518300044503,
            "children": {
                "TrainerController._reset_env": {
                    "total": 8.0088133,
                    "count": 1,
                    "self": 8.0088133
                },
                "TrainerController.advance": {
                    "total": 5030.675188799956,
                    "count": 500541,
                    "self": 8.525353299933158,
                    "children": {
                        "env_step": {
                            "total": 5022.149835500023,
                            "count": 500541,
                            "self": 3226.1690919001085,
                            "children": {
                                "SubprocessEnvManager._take_step": {
                                    "total": 1788.0838980997532,
                                    "count": 500541,
                                    "self": 42.70354950021647,
                                    "children": {
                                        "TorchPolicy.evaluate": {
                                            "total": 1745.3803485995368,
                                            "count": 500541,
                                            "self": 453.2657468995337,
                                            "children": {
                                                "TorchPolicy.sample_actions": {
                                                    "total": 1292.114601700003,
                                                    "count": 500541,
                                                    "self": 1292.114601700003
                                                }
                                            }
                                        }
                                    }
                                },
                                "workers": {
                                    "total": 7.896845500161255,
                                    "count": 500541,
                                    "self": 0.0,
                                    "children": {
                                        "worker_root": {
                                            "total": 5031.885911299983,
                                            "count": 500541,
                                            "is_parallel": true,
                                            "self": 2383.902313400265,
                                            "children": {
                                                "steps_from_proto": {
                                                    "total": 0.0005741000000005769,
                                                    "count": 1,
                                                    "is_parallel": true,
                                                    "self": 0.00023200000000045407,
                                                    "children": {
                                                        "_process_vector_observation": {
                                                            "total": 0.00034210000000012286,
                                                            "count": 4,
                                                            "is_parallel": true,
                                                            "self": 0.00034210000000012286
                                                        }
                                                    }
                                                },
                                                "UnityEnvironment.step": {
                                                    "total": 2647.9830237997176,
                                                    "count": 500541,
                                                    "is_parallel": true,
                                                    "self": 51.16192719927585,
                                                    "children": {
                                                        "UnityEnvironment._generate_step_input": {
                                                            "total": 37.46690070013391,
                                                            "count": 500541,
                                                            "is_parallel": true,
                                                            "self": 37.46690070013391
                                                        },
                                                        "communicator.exchange": {
                                                            "total": 2389.2502649001103,
                                                            "count": 500541,
                                                            "is_parallel": true,
                                                            "self": 2389.2502649001103
                                                        },
                                                        "steps_from_proto": {
                                                            "total": 170.10393100019752,
                                                            "count": 500541,
                                                            "is_parallel": true,
                                                            "self": 76.23357730054829,
                                                            "children": {
                                                                "_process_vector_observation": {
                                                                    "total": 93.87035369964923,
                                                                    "count": 2002164,
                                                                    "is_parallel": true,
                                                                    "self": 93.87035369964923
                                                                }
                                                            }
                                                        }
                                                    }
                                                }
                                            }
                                        }
                                    }
                                }
                            }
                        }
                    }
                },
                "trainer_threads": {
                    "total": 3.9599999581696466e-05,
                    "count": 1,
                    "self": 3.9599999581696466e-05,
                    "children": {
                        "thread_root": {
                            "total": 0.0,
                            "count": 0,
                            "is_parallel": true,
                            "self": 0.0,
                            "children": {
                                "trainer_advance": {
                                    "total": 5040.624267000163,
                                    "count": 295893,
                                    "is_parallel": true,
                                    "self": 12.649076100106868,
                                    "children": {
                                        "process_trajectory": {
                                            "total": 4567.324570700057,
                                            "count": 295893,
                                            "is_parallel": true,
                                            "self": 4567.191256500057,
                                            "children": {
                                                "RLTrainer._checkpoint": {
                                                    "total": 0.13331420000031358,
                                                    "count": 1,
                                                    "is_parallel": true,
                                                    "self": 0.13331420000031358
                                                }
                                            }
                                        },
                                        "_update_policy": {
                                            "total": 460.6506201999993,
                                            "count": 38,
                                            "is_parallel": true,
                                            "self": 36.584502700032374,
                                            "children": {
                                                "TorchPPOOptimizer.update": {
                                                    "total": 424.06611749996694,
                                                    "count": 22926,
                                                    "is_parallel": true,
                                                    "self": 424.06611749996694
                                                }
                                            }
                                        }
                                    }
                                }
                            }
                        }
                    }
                },
                "TrainerController._save_models": {
                    "total": 0.09034489999976358,
                    "count": 1,
                    "self": 0.014394699999684235,
                    "children": {
                        "RLTrainer._checkpoint": {
                            "total": 0.07595020000007935,
                            "count": 1,
                            "self": 0.07595020000007935
                        }
                    }
                }
            }
        }
    }
}