{
    "Brain": {
        "checkpoints": [
            {
                "steps": 499534,
                "file_path": "results\\PPOTraining6\\Brain\\Brain-499534.onnx",
                "reward": null,
                "creation_time": 1651921577.0317178
            },
            {
                "steps": 500534,
                "file_path": "results\\PPOTraining6\\Brain\\Brain-500534.onnx",
                "reward": null,
                "creation_time": 1651921577.1879568
            }
        ],
        "final_checkpoint": {
            "steps": 500534,
            "file_path": "results\\PPOTraining6\\Brain.onnx",
            "reward": null,
            "creation_time": 1651921577.1879568
        }
    },
    "metadata": {
        "stats_format_version": "0.2.0",
        "mlagents_version": "0.22.0",
        "torch_version": "1.7.0+cu110",
        "tensorflow_version": -1
    }
}