{
    "name": "root",
    "gauges": {
        "Brain.Policy.Entropy.mean": {
            "value": 0.17274059355258942,
            "min": 0.17274059355258942,
            "max": 0.4119337499141693,
            "count": 2
        },
        "Brain.Environment.EpisodeLength.mean": {
            "value": 4231.478260869565,
            "min": 3413.2,
            "max": 4231.478260869565,
            "count": 2
        },
        "Brain.Policy.ExtrinsicValueEstimate.mean": {
            "value": 0.4128028452396393,
            "min": -0.00020628375932574272,
            "max": 0.4128028452396393,
            "count": 2
        },
        "Brain.Policy.GailValueEstimate.mean": {
            "value": 16.534364700317383,
            "min": 4.818088054656982,
            "max": 16.534364700317383,
            "count": 2
        },
        "Brain.Environment.CumulativeReward.mean": {
            "value": -1076.014700317383,
            "min": -1076.014700317383,
            "max": -1061.634237634284,
            "count": 2
        },
        "Brain.Policy.ExtrinsicReward.mean": {
            "value": -1076.014700317383,
            "min": -1076.014700317383,
            "max": -1061.634237634284,
            "count": 2
        },
        "Brain.Policy.GailReward.mean": {
            "value": 1572.8115392223,
            "min": 1296.4423164640154,
            "max": 1572.8115392223,
            "count": 2
        },
        "Brain.Losses.PolicyLoss.mean": {
            "value": 0.1087021854290106,
            "min": 0.1087021854290106,
            "max": 0.11089764277663569,
            "count": 2
        },
        "Brain.Losses.ValueLoss.mean": {
            "value": 3104.914966185394,
            "min": 3104.914966185394,
            "max": 3717.701430621108,
            "count": 2
        },
        "Brain.Policy.LearningRate.mean": {
            "value": 0.0002100933728260286,
            "min": 0.0002100933728260286,
            "max": 0.000266085011305,
            "count": 2
        },
        "Brain.Policy.Epsilon.mean": {
            "value": 0.17003111428571427,
            "min": 0.17003111428571427,
            "max": 0.188695,
            "count": 2
        },
        "Brain.Policy.Beta.mean": {
            "value": 0.0007033080314285715,
            "min": 0.0007033080314285715,
            "max": 0.0008880805,
            "count": 2
        },
        "Brain.Policy.GAILPolicyEstimate.mean": {
            "value": 0.3789818289386696,
            "min": 0.3789818289386696,
            "max": 0.42212606472890596,
            "count": 2
        },
        "Brain.Policy.GAILExpertEstimate.mean": {
            "value": 0.6202092340665039,
            "min": 0.5697696182189416,
            "max": 0.6202092340665039,
            "count": 2
        },
        "Brain.Losses.GAILLoss.mean": {
            "value": 1.0427927111893391,
            "min": 1.0427927111893391,
            "max": 1.1734505129501824,
            "count": 2
        },
        "Brain.Policy.GAILGradMagLoss.mean": {
            "value": 0.04246521901099853,
            "min": 0.04246521901099853,
            "max": 0.1049018695836662,
            "count": 2
        },
        "Brain.Losses.PretrainingLoss.mean": {
            "value": 0.1430529730253725,
            "min": 0.1430529730253725,
            "max": 0.275577691754344,
            "count": 2
        },
        "Brain.IsTraining.mean": {
            "value": 1.0,
            "min": 1.0,
            "max": 1.0,
            "count": 2
        }
    },
    "metadata": {
        "timer_format_version": "0.1.0",
        "start_time_seconds": "1651822767",
        "python_version": "3.7.9 (tags/v3.7.9:13c94747c7, Aug 17 2020, 16:30:00) [MSC v.1900 64 bit (AMD64)]",
        "command_line_arguments": "C:\\Users\\Owner\\AppData\\Local\\Packages\\PythonSoftwareFoundation.Python.3.7_qbz5n2kfra8p0\\LocalCache\\local-packages\\Python37\\Scripts\\mlagents-learn C:\\Users\\Owner\\Desktop\\Baby_Shark\\config\\Im\\Brain.yaml --run-id=Baby_Imitation2",
        "mlagents_version": "0.22.0",
        "mlagents_envs_version": "0.22.0",
        "communication_protocol_version": "1.2.0",
        "pytorch_version": "1.7.0+cu110",
        "numpy_version": "1.18.5",
        "end_time_seconds": "1651825908"
    },
    "total": 3141.3543577,
    "count": 1,
    "self": 0.008687999999892781,
    "children": {
        "run_training.setup": {
            "total": 0.052179100000000034,
            "count": 1,
            "self": 0.052179100000000034
        },
        "TrainerController.start_learning": {
            "total": 3141.2934906,
            "count": 1,
            "self": 8.864592799989623,
            "children": {
                "TrainerController._reset_env": {
                    "total": 109.1271066,
                    "count": 1,
                    "self": 18.525733799999998,
                    "children": {
                        "demo_to_buffer": {
                            "total": 90.60137280000001,
                            "count": 2,
                            "self": 0.2998328999999984,
                            "children": {
                                "load_demonstration": {
                                    "total": 1.1333838000000043,
                                    "count": 2,
                                    "self": 1.0498150999999964,
                                    "children": {
                                        "read_file": {
                                            "total": 0.08356870000000782,
                                            "count": 6,
                                            "self": 0.08356870000000782
                                        }
                                    }
                                },
                                "make_demo_buffer": {
                                    "total": 89.1681561,
                                    "count": 2,
                                    "self": 15.949382100000818,
                                    "children": {
                                        "steps_from_proto": {
                                            "total": 73.21877399999919,
                                            "count": 349156,
                                            "self": 34.4507877000062,
                                            "children": {
                                                "_process_vector_observation": {
                                                    "total": 38.767986299992984,
                                                    "count": 1396624,
                                                    "self": 38.767986299992984
                                                }
                                            }
                                        }
                                    }
                                }
                            }
                        }
                    }
                },
                "TrainerController.advance": {
                    "total": 3023.1057706000106,
                    "count": 277619,
                    "self": 4.4128539999796885,
                    "children": {
                        "env_step": {
                            "total": 3018.692916600031,
                            "count": 277619,
                            "self": 1844.0809291000219,
                            "children": {
                                "SubprocessEnvManager._take_step": {
                                    "total": 1170.4767917000318,
                                    "count": 277619,
                                    "self": 21.088036500066664,
                                    "children": {
                                        "TorchPolicy.evaluate": {
                                            "total": 1149.388755199965,
                                            "count": 277619,
                                            "self": 256.82379489996015,
                                            "children": {
                                                "TorchPolicy.sample_actions": {
                                                    "total": 892.5649603000049,
                                                    "count": 277619,
                                                    "self": 892.5649603000049
                                                }
                                            }
                                        }
                                    }
                                },
                                "workers": {
                                    "total": 4.135195799977268,
                                    "count": 277618,
                                    "self": 0.0,
                                    "children": {
                                        "worker_root": {
                                            "total": 3114.161186800062,
                                            "count": 277618,
                                            "is_parallel": true,
                                            "self": 1590.59801850003,
                                            "children": {
                                                "steps_from_proto": {
                                                    "total": 0.000544800000000123,
                                                    "count": 1,
                                                    "is_parallel": true,
                                                    "self": 0.00022279999999597067,
                                                    "children": {
                                                        "_process_vector_observation": {
                                                            "total": 0.0003220000000041523,
                                                            "count": 4,
                                                            "is_parallel": true,
                                                            "self": 0.0003220000000041523
                                                        }
                                                    }
                                                },
                                                "UnityEnvironment.step": {
                                                    "total": 1523.5626235000318,
                                                    "count": 277618,
                                                    "is_parallel": true,
                                                    "self": 29.157122399928312,
                                                    "children": {
                                                        "UnityEnvironment._generate_step_input": {
                                                            "total": 20.6069854001297,
                                                            "count": 277618,
                                                            "is_parallel": true,
                                                            "self": 20.6069854001297
                                                        },
                                                        "communicator.exchange": {
                                                            "total": 1378.896529399949,
                                                            "count": 277618,
                                                            "is_parallel": true,
                                                            "self": 1378.896529399949
                                                        },
                                                        "steps_from_proto": {
                                                            "total": 94.90198630002466,
                                                            "count": 277618,
                                                            "is_parallel": true,
                                                            "self": 42.69648060006989,
                                                            "children": {
                                                                "_process_vector_observation": {
                                                                    "total": 52.20550569995477,
                                                                    "count": 1110472,
                                                                    "is_parallel": true,
                                                                    "self": 52.20550569995477
                                                                }
                                                            }
                                                        }
                                                    }
                                                }
                                            }
                                        }
                                    }
                                }
                            }
                        }
                    }
                },
                "trainer_threads": {
                    "total": 6.949999988137279e-05,
                    "count": 1,
                    "self": 6.949999988137279e-05,
                    "children": {
                        "thread_root": {
                            "total": 0.0,
                            "count": 0,
                            "is_parallel": true,
                            "self": 0.0,
                            "children": {
                                "trainer_advance": {
                                    "total": 2987.448572300018,
                                    "count": 84071,
                                    "is_parallel": true,
                                    "self": 3.349798499994904,
                                    "children": {
                                        "process_trajectory": {
                                            "total": 1308.6434573000229,
                                            "count": 84072,
                                            "is_parallel": true,
                                            "self": 1308.6434573000229
                                        },
                                        "_update_policy": {
                                            "total": 1675.4553165,
                                            "count": 21,
                                            "is_parallel": true,
                                            "self": 819.3292003999666,
                                            "children": {
                                                "TorchPPOOptimizer.update": {
                                                    "total": 437.1652179000124,
                                                    "count": 12834,
                                                    "is_parallel": true,
                                                    "self": 437.1652179000124
                                                },
                                                "TorchPolicy.sample_actions": {
                                                    "total": 418.96089820002106,
                                                    "count": 87077,
                                                    "is_parallel": true,
                                                    "self": 418.96089820002106
                                                }
                                            }
                                        }
                                    }
                                }
                            }
                        }
                    }
                },
                "TrainerController._save_models": {
                    "total": 0.19595110000000204,
                    "count": 1,
                    "self": 0.01539630000024772,
                    "children": {
                        "RLTrainer._checkpoint": {
                            "total": 0.18055479999975432,
                            "count": 1,
                            "self": 0.18055479999975432
                        }
                    }
                }
            }
        }
    }
}