{
    "Brain": {
        "checkpoints": [
            {
                "steps": 274547,
                "file_path": "results\\Baby_Imitation2\\Brain\\Brain-274547.onnx",
                "reward": null,
                "creation_time": 1651825908.7604194
            }
        ],
        "final_checkpoint": {
            "steps": 274547,
            "file_path": "results\\Baby_Imitation2\\Brain.onnx",
            "reward": null,
            "creation_time": 1651825908.7604194
        }
    },
    "metadata": {
        "stats_format_version": "0.2.0",
        "mlagents_version": "0.22.0",
        "torch_version": "1.7.0+cu110",
        "tensorflow_version": -1
    }
}