{
    "name": "root",
    "gauges": {
        "Brain.Policy.Entropy.mean": {
            "value": 0.608548104763031,
            "min": 0.608548104763031,
            "max": 0.7579966187477112,
            "count": 20
        },
        "Brain.Policy.Entropy.sum": {
            "value": 60638.16796875,
            "min": 60638.16796875,
            "max": 76361.3359375,
            "count": 20
        },
        "Brain.Environment.EpisodeLength.mean": {
            "value": 24160.0,
            "min": 4386.05,
            "max": 105732.0,
            "count": 20
        },
        "Brain.Environment.EpisodeLength.sum": {
            "value": 96640.0,
            "min": 58327.0,
            "max": 166836.0,
            "count": 20
        },
        "Brain.Step.mean": {
            "value": 1999243.0,
            "min": 99741.0,
            "max": 1999243.0,
            "count": 20
        },
        "Brain.Step.sum": {
            "value": 1999243.0,
            "min": 99741.0,
            "max": 1999243.0,
            "count": 20
        },
        "Brain.Policy.ExtrinsicValueEstimate.mean": {
            "value": -2.4038774967193604,
            "min": -29.516490936279297,
            "max": 0.7450994253158569,
            "count": 20
        },
        "Brain.Policy.ExtrinsicValueEstimate.sum": {
            "value": -242.7916259765625,
            "min": -3246.81396484375,
            "max": 74.50994110107422,
            "count": 20
        },
        "Brain.Policy.GailValueEstimate.mean": {
            "value": 21.728017807006836,
            "min": 19.082300186157227,
            "max": 31.087343215942383,
            "count": 20
        },
        "Brain.Policy.GailValueEstimate.sum": {
            "value": 2194.52978515625,
            "min": 2099.052978515625,
            "max": 3326.345703125,
            "count": 20
        },
        "Brain.Environment.CumulativeReward.mean": {
            "value": -374.98892867565155,
            "min": -1119.192928957939,
            "max": 641.8407738208771,
            "count": 20
        },
        "Brain.Environment.CumulativeReward.sum": {
            "value": -1499.9557147026062,
            "min": -22383.858579158783,
            "max": 1283.6815476417542,
            "count": 20
        },
        "Brain.Policy.ExtrinsicReward.mean": {
            "value": -374.98892867565155,
            "min": -1119.192928957939,
            "max": 641.8407738208771,
            "count": 20
        },
        "Brain.Policy.ExtrinsicReward.sum": {
            "value": -1499.9557147026062,
            "min": -22383.858579158783,
            "max": 1283.6815476417542,
            "count": 20
        },
        "Brain.Policy.GailReward.mean": {
            "value": 5459.360889434814,
            "min": 1359.584859228134,
            "max": 24747.83261871338,
            "count": 20
        },
        "Brain.Policy.GailReward.sum": {
            "value": 21837.443557739258,
            "min": 15947.204746246338,
            "max": 52087.6561832428,
            "count": 20
        },
        "Brain.Losses.PolicyLoss.mean": {
            "value": 0.09748021143535911,
            "min": 0.09344732015514362,
            "max": 0.09875149466811775,
            "count": 20
        },
        "Brain.Losses.PolicyLoss.sum": {
            "value": 0.6823614800475137,
            "min": 0.6635880071645304,
            "max": 0.790011957344942,
            "count": 20
        },
        "Brain.Losses.ValueLoss.mean": {
            "value": 433.32143370890236,
            "min": 96.97149815012642,
            "max": 1272.1606430375728,
            "count": 20
        },
        "Brain.Losses.ValueLoss.sum": {
            "value": 3033.2500359623164,
            "min": 775.7719852010114,
            "max": 8905.12450126301,
            "count": 20
        },
        "Brain.Policy.LearningRate.mean": {
            "value": 7.320097560000003e-06,
            "min": 7.320097560000003e-06,
            "max": 0.0002924741596514714,
            "count": 20
        },
        "Brain.Policy.LearningRate.sum": {
            "value": 5.124068292000002e-05,
            "min": 5.124068292000002e-05,
            "max": 0.0022257090580969996,
            "count": 20
        },
        "Brain.Policy.Epsilon.mean": {
            "value": 0.10244,
            "min": 0.10244,
            "max": 0.19749138571428576,
            "count": 20
        },
        "Brain.Policy.Epsilon.sum": {
            "value": 0.71708,
            "min": 0.71708,
            "max": 1.541903,
            "count": 20
        },
        "Brain.Policy.Beta.mean": {
            "value": 3.4156000000000017e-05,
            "min": 3.4156000000000017e-05,
            "max": 0.0009751647185714286,
            "count": 20
        },
        "Brain.Policy.Beta.sum": {
            "value": 0.00023909200000000013,
            "min": 0.00023909200000000013,
            "max": 0.0074248397,
            "count": 20
        },
        "Brain.Policy.GAILPolicyEstimate.mean": {
            "value": 0.15569797217535442,
            "min": 0.1554509762581427,
            "max": 0.4147044563031553,
            "count": 20
        },
        "Brain.Policy.GAILPolicyEstimate.sum": {
            "value": 1.089885805227481,
            "min": 1.089885805227481,
            "max": 2.985497192313307,
            "count": 20
        },
        "Brain.Policy.GAILExpertEstimate.mean": {
            "value": 0.843674331273954,
            "min": 0.5862998833524281,
            "max": 0.843674331273954,
            "count": 20
        },
        "Brain.Policy.GAILExpertEstimate.sum": {
            "value": 5.905720318917678,
            "min": 4.104099183466997,
            "max": 6.74453595819402,
            "count": 20
        },
        "Brain.Losses.GAILLoss.mean": {
            "value": 0.41905761414554993,
            "min": 0.4184514272953651,
            "max": 1.14836373993162,
            "count": 20
        },
        "Brain.Losses.GAILLoss.sum": {
            "value": 2.9334032990188494,
            "min": 2.9334032990188494,
            "max": 8.240777348437287,
            "count": 20
        },
        "Brain.Policy.GAILGradMagLoss.mean": {
            "value": 0.050045650892863336,
            "min": 0.025350764832094367,
            "max": 0.13890085336351737,
            "count": 20
        },
        "Brain.Policy.GAILGradMagLoss.sum": {
            "value": 0.35031955625004335,
            "min": 0.20280611865675494,
            "max": 0.9723059735446217,
            "count": 20
        },
        "Brain.Losses.PretrainingLoss.mean": {
            "value": 0.0,
            "min": 0.0,
            "max": 0.08008661304251508,
            "count": 20
        },
        "Brain.Losses.PretrainingLoss.sum": {
            "value": 0.0,
            "min": 0.0,
            "max": 0.5606062912976055,
            "count": 20
        },
        "Brain.IsTraining.mean": {
            "value": 1.0,
            "min": 1.0,
            "max": 1.0,
            "count": 20
        },
        "Brain.IsTraining.sum": {
            "value": 1.0,
            "min": 1.0,
            "max": 1.0,
            "count": 20
        }
    },
    "metadata": {
        "timer_format_version": "0.1.0",
        "start_time_seconds": "1651796804",
        "python_version": "3.7.9 (tags/v3.7.9:13c94747c7, Aug 17 2020, 18:58:18) [MSC v.1900 64 bit (AMD64)]",
        "command_line_arguments": "C:\\Users\\tomze\\GAPT\\venv\\Scripts\\mlagents-learn config\\Brain.yaml --run-id=Test --force",
        "mlagents_version": "0.29.0",
        "mlagents_envs_version": "0.29.0",
        "communication_protocol_version": "1.5.0",
        "pytorch_version": "1.7.0+cu110",
        "numpy_version": "1.21.2",
        "end_time_seconds": "1651813513"
    },
    "total": 16702.7974702,
    "count": 1,
    "self": 0.04542149999906542,
    "children": {
        "run_training.setup": {
            "total": 0.07109929999999998,
            "count": 1,
            "self": 0.07109929999999998
        },
        "TrainerController.start_learning": {
            "total": 16702.6809494,
            "count": 1,
            "self": 33.68944380123503,
            "children": {
                "TrainerController._reset_env": {
                    "total": 45.4836014,
                    "count": 1,
                    "self": 5.515828199999994,
                    "children": {
                        "demo_to_buffer": {
                            "total": 39.9677732,
                            "count": 2,
                            "self": 0.0006704000000112842,
                            "children": {
                                "load_demonstration": {
                                    "total": 0.5021278000000002,
                                    "count": 2,
                                    "self": 0.4730819000000057,
                                    "children": {
                                        "read_file": {
                                            "total": 0.029045899999994518,
                                            "count": 10,
                                            "self": 0.029045899999994518
                                        }
                                    }
                                },
                                "make_demo_buffer": {
                                    "total": 39.464974999999995,
                                    "count": 2,
                                    "self": 5.1614767000000015,
                                    "children": {
                                        "steps_from_proto": {
                                            "total": 34.303498299999994,
                                            "count": 203164,
                                            "self": 19.26123719999976,
                                            "children": {
                                                "_process_rank_one_or_two_observation": {
                                                    "total": 15.042261100000236,
                                                    "count": 812656,
                                                    "self": 15.042261100000236
                                                }
                                            }
                                        }
                                    }
                                }
                            }
                        }
                    }
                },
                "TrainerController.advance": {
                    "total": 16623.429244998766,
                    "count": 2000243,
                    "self": 30.466469098482776,
                    "children": {
                        "env_step": {
                            "total": 14769.512500799006,
                            "count": 2000243,
                            "self": 9642.062237298534,
                            "children": {
                                "SubprocessEnvManager._take_step": {
                                    "total": 5105.743271000254,
                                    "count": 2000243,
                                    "self": 80.80806060038049,
                                    "children": {
                                        "TorchPolicy.evaluate": {
                                            "total": 5024.9352103998735,
                                            "count": 2000243,
                                            "self": 2265.967232699861,
                                            "children": {
                                                "TorchPolicy.sample_actions": {
                                                    "total": 2758.9679777000124,
                                                    "count": 2000243,
                                                    "self": 2758.9679777000124
                                                }
                                            }
                                        }
                                    }
                                },
                                "workers": {
                                    "total": 21.70699250021896,
                                    "count": 2000243,
                                    "self": 0.0,
                                    "children": {
                                        "worker_root": {
                                            "total": 16663.3551588006,
                                            "count": 2000243,
                                            "is_parallel": true,
                                            "self": 8426.243513999072,
                                            "children": {
                                                "steps_from_proto": {
                                                    "total": 0.00035619999999969565,
                                                    "count": 1,
                                                    "is_parallel": true,
                                                    "self": 0.00016399999999983095,
                                                    "children": {
                                                        "_process_rank_one_or_two_observation": {
                                                            "total": 0.0001921999999998647,
                                                            "count": 4,
                                                            "is_parallel": true,
                                                            "self": 0.0001921999999998647
                                                        }
                                                    }
                                                },
                                                "UnityEnvironment.step": {
                                                    "total": 8237.111288601529,
                                                    "count": 2000243,
                                                    "is_parallel": true,
                                                    "self": 112.21914230314542,
                                                    "children": {
                                                        "UnityEnvironment._generate_step_input": {
                                                            "total": 83.58466330070492,
                                                            "count": 2000243,
                                                            "is_parallel": true,
                                                            "self": 83.58466330070492
                                                        },
                                                        "communicator.exchange": {
                                                            "total": 7596.1521118984265,
                                                            "count": 2000243,
                                                            "is_parallel": true,
                                                            "self": 7596.1521118984265
                                                        },
                                                        "steps_from_proto": {
                                                            "total": 445.155371099252,
                                                            "count": 2000243,
                                                            "is_parallel": true,
                                                            "self": 238.58482919649478,
                                                            "children": {
                                                                "_process_rank_one_or_two_observation": {
                                                                    "total": 206.57054190275724,
                                                                    "count": 8000972,
                                                                    "is_parallel": true,
                                                                    "self": 206.57054190275724
                                                                }
                                                            }
                                                        }
                                                    }
                                                }
                                            }
                                        }
                                    }
                                }
                            }
                        },
                        "trainer_advance": {
                            "total": 1823.450275101277,
                            "count": 2000243,
                            "self": 40.49557060205939,
                            "children": {
                                "process_trajectory": {
                                    "total": 163.5634666992255,
                                    "count": 2000243,
                                    "self": 163.27679889922365,
                                    "children": {
                                        "RLTrainer._checkpoint": {
                                            "total": 0.286667800001851,
                                            "count": 4,
                                            "self": 0.286667800001851
                                        }
                                    }
                                },
                                "_update_policy": {
                                    "total": 1619.391237799992,
                                    "count": 156,
                                    "self": 308.4502850997728,
                                    "children": {
                                        "TorchPPOOptimizer.update": {
                                            "total": 1308.263052300219,
                                            "count": 93123,
                                            "self": 1308.263052300219
                                        },
                                        "TorchPolicy.sample_actions": {
                                            "total": 2.677900400000283,
                                            "count": 2379,
                                            "self": 2.677900400000283
                                        }
                                    }
                                }
                            }
                        }
                    }
                },
                "trainer_threads": {
                    "total": 6.999980541877449e-07,
                    "count": 1,
                    "self": 6.999980541877449e-07
                },
                "TrainerController._save_models": {
                    "total": 0.07865850000234786,
                    "count": 1,
                    "self": 0.02332179999939399,
                    "children": {
                        "RLTrainer._checkpoint": {
                            "total": 0.055336700002953876,
                            "count": 1,
                            "self": 0.055336700002953876
                        }
                    }
                }
            }
        }
    }
}