{
    "Brain": {
        "checkpoints": [
            {
                "steps": 499851,
                "file_path": "results\\Test\\Brain\\Brain-499851.onnx",
                "reward": null,
                "creation_time": 1651801346.255972,
                "auxillary_file_paths": [
                    "results\\Test\\Brain\\Brain-499851.pt"
                ]
            },
            {
                "steps": 999831,
                "file_path": "results\\Test\\Brain\\Brain-999831.onnx",
                "reward": -751.5449471473694,
                "creation_time": 1651805397.0939758,
                "auxillary_file_paths": [
                    "results\\Test\\Brain\\Brain-999831.pt"
                ]
            },
            {
                "steps": 1499113,
                "file_path": "results\\Test\\Brain\\Brain-1499113.onnx",
                "reward": null,
                "creation_time": 1651809442.20179,
                "auxillary_file_paths": [
                    "results\\Test\\Brain\\Brain-1499113.pt"
                ]
            },
            {
                "steps": 1999243,
                "file_path": "results\\Test\\Brain\\Brain-1999243.onnx",
                "reward": 167.16707181930542,
                "creation_time": 1651813513.5881243,
                "auxillary_file_paths": [
                    "results\\Test\\Brain\\Brain-1999243.pt"
                ]
            },
            {
                "steps": 2000243,
                "file_path": "results\\Test\\Brain\\Brain-2000243.onnx",
                "reward": 167.16707181930542,
                "creation_time": 1651813513.720714,
                "auxillary_file_paths": [
                    "results\\Test\\Brain\\Brain-2000243.pt"
                ]
            }
        ],
        "final_checkpoint": {
            "steps": 2000243,
            "file_path": "results\\Test\\Brain.onnx",
            "reward": 167.16707181930542,
            "creation_time": 1651813513.720714,
            "auxillary_file_paths": [
                "results\\Test\\Brain\\Brain-2000243.pt"
            ]
        }
    },
    "metadata": {
        "stats_format_version": "0.3.0",
        "mlagents_version": "0.29.0",
        "torch_version": "1.7.0+cu110"
    }
}