{
    "name": "root",
    "gauges": {
        "Brain.Policy.Entropy.mean": {
            "value": 0.3880648612976074,
            "min": 0.3880648612976074,
            "max": 1.0806224346160889,
            "count": 5
        },
        "Brain.Policy.ExtrinsicValueEstimate.mean": {
            "value": -1.7946864366531372,
            "min": -6.5491485595703125,
            "max": -1.7946864366531372,
            "count": 5
        },
        "Brain.Environment.EpisodeLength.mean": {
            "value": 16488.85714285714,
            "min": 2916.7272727272725,
            "max": 21773.4,
            "count": 5
        },
        "Brain.Environment.CumulativeReward.mean": {
            "value": -730.6886292185102,
            "min": -2165.2945375442505,
            "max": -730.6886292185102,
            "count": 5
        },
        "Brain.Policy.ExtrinsicReward.mean": {
            "value": -730.6886292185102,
            "min": -2165.2945375442505,
            "max": -730.6886292185102,
            "count": 5
        },
        "Brain.Losses.PolicyLoss.mean": {
            "value": 0.09614008776182158,
            "min": 0.0901636918532004,
            "max": 0.09693969510440602,
            "count": 5
        },
        "Brain.Losses.ValueLoss.mean": {
            "value": 1067.252346516559,
            "min": 997.8850172392795,
            "max": 9326.757941987755,
            "count": 5
        },
        "Brain.Policy.LearningRate.mean": {
            "value": 3.170948943019999e-05,
            "min": 3.170948943019999e-05,
            "max": 0.0002700183528510285,
            "count": 5
        },
        "Brain.Policy.Epsilon.mean": {
            "value": 0.11056980000000001,
            "min": 0.11056980000000001,
            "max": 0.19000611428571432,
            "count": 5
        },
        "Brain.Policy.Beta.mean": {
            "value": 0.00011464101999999998,
            "min": 0.00011464101999999998,
            "max": 0.0009010605314285716,
            "count": 5
        },
        "Brain.IsTraining.mean": {
            "value": 1.0,
            "min": 1.0,
            "max": 1.0,
            "count": 5
        }
    },
    "metadata": {
        "timer_format_version": "0.1.0",
        "start_time_seconds": "1651834807",
        "python_version": "3.7.9 (tags/v3.7.9:13c94747c7, Aug 17 2020, 16:30:00) [MSC v.1900 64 bit (AMD64)]",
        "command_line_arguments": "C:\\Users\\Owner\\AppData\\Local\\Packages\\PythonSoftwareFoundation.Python.3.7_qbz5n2kfra8p0\\LocalCache\\local-packages\\Python37\\Scripts\\mlagents-learn C:\\Users\\Owner\\Desktop\\Baby_Shark\\config\\Brain.yaml --run-id=PPOTraining1",
        "mlagents_version": "0.22.0",
        "mlagents_envs_version": "0.22.0",
        "communication_protocol_version": "1.2.0",
        "pytorch_version": "1.7.0+cu110",
        "numpy_version": "1.18.5",
        "end_time_seconds": "1651839699"
    },
    "total": 4891.8232117,
    "count": 1,
    "self": 0.1542111999988265,
    "children": {
        "run_training.setup": {
            "total": 0.025501999999999914,
            "count": 1,
            "self": 0.025501999999999914
        },
        "TrainerController.start_learning": {
            "total": 4891.6434985000005,
            "count": 1,
            "self": 14.389537900096002,
            "children": {
                "TrainerController._reset_env": {
                    "total": 8.168253199999999,
                    "count": 1,
                    "self": 8.168253199999999
                },
                "TrainerController.advance": {
                    "total": 4869.0147274999035,
                    "count": 500658,
                    "self": 7.663263299929895,
                    "children": {
                        "env_step": {
                            "total": 4861.351464199974,
                            "count": 500658,
                            "self": 3159.0059949998067,
                            "children": {
                                "SubprocessEnvManager._take_step": {
                                    "total": 1694.7697825001906,
                                    "count": 500658,
                                    "self": 40.142711300008614,
                                    "children": {
                                        "TorchPolicy.evaluate": {
                                            "total": 1654.627071200182,
                                            "count": 500658,
                                            "self": 426.7987056002032,
                                            "children": {
                                                "TorchPolicy.sample_actions": {
                                                    "total": 1227.8283655999787,
                                                    "count": 500658,
                                                    "self": 1227.8283655999787
                                                }
                                            }
                                        }
                                    }
                                },
                                "workers": {
                                    "total": 7.575686699976501,
                                    "count": 500658,
                                    "self": 0.0,
                                    "children": {
                                        "worker_root": {
                                            "total": 4869.940432499946,
                                            "count": 500658,
                                            "is_parallel": true,
                                            "self": 2259.297049999882,
                                            "children": {
                                                "steps_from_proto": {
                                                    "total": 0.000545899999999655,
                                                    "count": 1,
                                                    "is_parallel": true,
                                                    "self": 0.00021409999999910667,
                                                    "children": {
                                                        "_process_vector_observation": {
                                                            "total": 0.0003318000000005483,
                                                            "count": 4,
                                                            "is_parallel": true,
                                                            "self": 0.0003318000000005483
                                                        }
                                                    }
                                                },
                                                "UnityEnvironment.step": {
                                                    "total": 2610.642836600064,
                                                    "count": 500658,
                                                    "is_parallel": true,
                                                    "self": 49.77999410004077,
                                                    "children": {
                                                        "UnityEnvironment._generate_step_input": {
                                                            "total": 36.312504600091195,
                                                            "count": 500658,
                                                            "is_parallel": true,
                                                            "self": 36.312504600091195
                                                        },
                                                        "communicator.exchange": {
                                                            "total": 2359.2014323999156,
                                                            "count": 500658,
                                                            "is_parallel": true,
                                                            "self": 2359.2014323999156
                                                        },
                                                        "steps_from_proto": {
                                                            "total": 165.34890550001631,
                                                            "count": 500658,
                                                            "is_parallel": true,
                                                            "self": 74.32202089980245,
                                                            "children": {
                                                                "_process_vector_observation": {
                                                                    "total": 91.02688460021386,
                                                                    "count": 2002632,
                                                                    "is_parallel": true,
                                                                    "self": 91.02688460021386
                                                                }
                                                            }
                                                        }
                                                    }
                                                }
                                            }
                                        }
                                    }
                                }
                            }
                        }
                    }
                },
                "trainer_threads": {
                    "total": 2.4400000256719068e-05,
                    "count": 1,
                    "self": 2.4400000256719068e-05,
                    "children": {
                        "thread_root": {
                            "total": 0.0,
                            "count": 0,
                            "is_parallel": true,
                            "self": 0.0,
                            "children": {
                                "trainer_advance": {
                                    "total": 4877.750231299883,
                                    "count": 286345,
                                    "is_parallel": true,
                                    "self": 11.90355109974189,
                                    "children": {
                                        "process_trajectory": {
                                            "total": 4417.731114100142,
                                            "count": 286345,
                                            "is_parallel": true,
                                            "self": 4417.607906300142,
                                            "children": {
                                                "RLTrainer._checkpoint": {
                                                    "total": 0.12320780000027298,
                                                    "count": 1,
                                                    "is_parallel": true,
                                                    "self": 0.12320780000027298
                                                }
                                            }
                                        },
                                        "_update_policy": {
                                            "total": 448.11556609999906,
                                            "count": 39,
                                            "is_parallel": true,
                                            "self": 36.2442365999994,
                                            "children": {
                                                "TorchPPOOptimizer.update": {
                                                    "total": 411.87132949999966,
                                                    "count": 23022,
                                                    "is_parallel": true,
                                                    "self": 411.87132949999966
                                                }
                                            }
                                        }
                                    }
                                }
                            }
                        }
                    }
                },
                "TrainerController._save_models": {
                    "total": 0.07095550000030926,
                    "count": 1,
                    "self": 0.008228100000451377,
                    "children": {
                        "RLTrainer._checkpoint": {
                            "total": 0.06272739999985788,
                            "count": 1,
                            "self": 0.06272739999985788
                        }
                    }
                }
            }
        }
    }
}