{
    "Brain": {
        "checkpoints": [
            {
                "steps": 499651,
                "file_path": "results\\PPOTraining1\\Brain\\Brain-499651.onnx",
                "reward": -861.6995167732239,
                "creation_time": 1651839699.3950968
            },
            {
                "steps": 500651,
                "file_path": "results\\PPOTraining1\\Brain\\Brain-500651.onnx",
                "reward": -861.6995167732239,
                "creation_time": 1651839699.5280252
            }
        ],
        "final_checkpoint": {
            "steps": 500651,
            "file_path": "results\\PPOTraining1\\Brain.onnx",
            "reward": -861.6995167732239,
            "creation_time": 1651839699.5280252
        }
    },
    "metadata": {
        "stats_format_version": "0.2.0",
        "mlagents_version": "0.22.0",
        "torch_version": "1.7.0+cu110",
        "tensorflow_version": -1
    }
}