{
    "name": "root",
    "gauges": {
        "Brain.Policy.Entropy.mean": {
            "value": 0.08911429345607758,
            "min": 0.08289428800344467,
            "max": 0.5547634959220886,
            "count": 20
        },
        "Brain.Environment.EpisodeLength.mean": {
            "value": 3763.0,
            "min": 2760.0833333333335,
            "max": 4180.791666666667,
            "count": 20
        },
        "Brain.Policy.ExtrinsicValueEstimate.mean": {
            "value": -6.3945136070251465,
            "min": -8.772603034973145,
            "max": -0.7375191450119019,
            "count": 20
        },
        "Brain.Policy.GailValueEstimate.mean": {
            "value": 10.996882438659668,
            "min": 3.2615208625793457,
            "max": 15.675250053405762,
            "count": 20
        },
        "Brain.Environment.CumulativeReward.mean": {
            "value": -1032.4303717436615,
            "min": -1117.1463620156953,
            "max": -1005.2046476943152,
            "count": 20
        },
        "Brain.Policy.ExtrinsicReward.mean": {
            "value": -1032.4303717436615,
            "min": -1117.1463620156953,
            "max": -1005.2046476943152,
            "count": 20
        },
        "Brain.Policy.GailReward.mean": {
            "value": 478.09505671041984,
            "min": 370.11172321964534,
            "max": 711.7242296006945,
            "count": 20
        },
        "Brain.Losses.PolicyLoss.mean": {
            "value": 0.09831717443969135,
            "min": 0.09831717443969135,
            "max": 0.11301404141843317,
            "count": 20
        },
        "Brain.Losses.ValueLoss.mean": {
            "value": 2971.411411340623,
            "min": 2607.5507549133267,
            "max": 4693.035965372057,
            "count": 20
        },
        "Brain.Policy.LearningRate.mean": {
            "value": 6.948885183737494e-06,
            "min": 6.948885183737494e-06,
            "max": 0.0002916137840454062,
            "count": 20
        },
        "Brain.Policy.Epsilon.mean": {
            "value": 0.1023162625,
            "min": 0.1023162625,
            "max": 0.19720459375000002,
            "count": 20
        },
        "Brain.Policy.Beta.mean": {
            "value": 3.293099874999998e-05,
            "min": 3.293099874999998e-05,
            "max": 0.0009723254781250001,
            "count": 20
        },
        "Brain.Policy.GAILPolicyEstimate.mean": {
            "value": 0.1242140271525527,
            "min": 0.1232094032923211,
            "max": 0.39450638030492957,
            "count": 20
        },
        "Brain.Policy.GAILExpertEstimate.mean": {
            "value": 0.8787886025929601,
            "min": 0.6070700052267058,
            "max": 0.8799342149308762,
            "count": 20
        },
        "Brain.Losses.GAILLoss.mean": {
            "value": 0.3325354204724625,
            "min": 0.33054083872192347,
            "max": 1.0749123097454936,
            "count": 20
        },
        "Brain.Policy.GAILGradMagLoss.mean": {
            "value": 0.0413464601244793,
            "min": 0.03742393057774696,
            "max": 0.12040833051519753,
            "count": 20
        },
        "Brain.Losses.PretrainingLoss.mean": {
            "value": 0.047436801115329746,
            "min": 0.047436801115329746,
            "max": 0.38581407763302017,
            "count": 20
        },
        "Brain.IsTraining.mean": {
            "value": 1.0,
            "min": 1.0,
            "max": 1.0,
            "count": 20
        }
    },
    "metadata": {
        "timer_format_version": "0.1.0",
        "start_time_seconds": "1651236421",
        "python_version": "3.7.9 (tags/v3.7.9:13c94747c7, Aug 17 2020, 16:30:00) [MSC v.1900 64 bit (AMD64)]",
        "command_line_arguments": "C:\\Users\\Owner\\AppData\\Local\\Packages\\PythonSoftwareFoundation.Python.3.7_qbz5n2kfra8p0\\LocalCache\\local-packages\\Python37\\Scripts\\mlagents-learn C:\\Users\\Owner\\Desktop\\Baby_Shark\\config\\Im\\Brain.yaml --run-id=FinalImTrain5",
        "mlagents_version": "0.22.0",
        "mlagents_envs_version": "0.22.0",
        "communication_protocol_version": "1.2.0",
        "pytorch_version": "1.7.0+cu110",
        "numpy_version": "1.18.5",
        "end_time_seconds": "1651255677"
    },
    "total": 19255.608311099997,
    "count": 1,
    "self": 0.14906719999635243,
    "children": {
        "run_training.setup": {
            "total": 0.024062999999999946,
            "count": 1,
            "self": 0.024062999999999946
        },
        "TrainerController.start_learning": {
            "total": 19255.4351809,
            "count": 1,
            "self": 55.22535080056332,
            "children": {
                "TrainerController._reset_env": {
                    "total": 34.7695581,
                    "count": 1,
                    "self": 6.940970099999998,
                    "children": {
                        "demo_to_buffer": {
                            "total": 27.828588,
                            "count": 2,
                            "self": 0.07600750000000644,
                            "children": {
                                "load_demonstration": {
                                    "total": 0.325291,
                                    "count": 2,
                                    "self": 0.302871399999999,
                                    "children": {
                                        "read_file": {
                                            "total": 0.022419600000000983,
                                            "count": 2,
                                            "self": 0.022419600000000983
                                        }
                                    }
                                },
                                "make_demo_buffer": {
                                    "total": 27.427289499999993,
                                    "count": 2,
                                    "self": 5.013243799999071,
                                    "children": {
                                        "steps_from_proto": {
                                            "total": 22.414045700000923,
                                            "count": 105692,
                                            "self": 10.62743149999975,
                                            "children": {
                                                "_process_vector_observation": {
                                                    "total": 11.786614200001173,
                                                    "count": 422768,
                                                    "self": 11.786614200001173
                                                }
                                            }
                                        }
                                    }
                                }
                            }
                        }
                    }
                },
                "TrainerController.advance": {
                    "total": 19165.364821699437,
                    "count": 2000982,
                    "self": 28.94380849962181,
                    "children": {
                        "env_step": {
                            "total": 19136.421013199815,
                            "count": 2000982,
                            "self": 12299.50471339971,
                            "children": {
                                "SubprocessEnvManager._take_step": {
                                    "total": 6807.880400199901,
                                    "count": 2000982,
                                    "self": 134.62309470088894,
                                    "children": {
                                        "TorchPolicy.evaluate": {
                                            "total": 6673.257305499012,
                                            "count": 2000982,
                                            "self": 1569.1819210989834,
                                            "children": {
                                                "TorchPolicy.sample_actions": {
                                                    "total": 5104.075384400028,
                                                    "count": 2000982,
                                                    "self": 5104.075384400028
                                                }
                                            }
                                        }
                                    }
                                },
                                "workers": {
                                    "total": 29.035899600203557,
                                    "count": 2000982,
                                    "self": 0.0,
                                    "children": {
                                        "worker_root": {
                                            "total": 19188.43656879982,
                                            "count": 2000982,
                                            "is_parallel": true,
                                            "self": 8995.489723000608,
                                            "children": {
                                                "steps_from_proto": {
                                                    "total": 0.00047189999999996957,
                                                    "count": 1,
                                                    "is_parallel": true,
                                                    "self": 0.00019599999999986295,
                                                    "children": {
                                                        "_process_vector_observation": {
                                                            "total": 0.0002759000000001066,
                                                            "count": 4,
                                                            "is_parallel": true,
                                                            "self": 0.0002759000000001066
                                                        }
                                                    }
                                                },
                                                "UnityEnvironment.step": {
                                                    "total": 10192.946373899213,
                                                    "count": 2000982,
                                                    "is_parallel": true,
                                                    "self": 195.9332583955129,
                                                    "children": {
                                                        "UnityEnvironment._generate_step_input": {
                                                            "total": 141.32274590072248,
                                                            "count": 2000982,
                                                            "is_parallel": true,
                                                            "self": 141.32274590072248
                                                        },
                                                        "communicator.exchange": {
                                                            "total": 9205.208715102304,
                                                            "count": 2000982,
                                                            "is_parallel": true,
                                                            "self": 9205.208715102304
                                                        },
                                                        "steps_from_proto": {
                                                            "total": 650.481654500673,
                                                            "count": 2000982,
                                                            "is_parallel": true,
                                                            "self": 290.7734057004143,
                                                            "children": {
                                                                "_process_vector_observation": {
                                                                    "total": 359.70824880025873,
                                                                    "count": 8003928,
                                                                    "is_parallel": true,
                                                                    "self": 359.70824880025873
                                                                }
                                                            }
                                                        }
                                                    }
                                                }
                                            }
                                        }
                                    }
                                }
                            }
                        }
                    }
                },
                "trainer_threads": {
                    "total": 2.7300000510876998e-05,
                    "count": 1,
                    "self": 2.7300000510876998e-05,
                    "children": {
                        "thread_root": {
                            "total": 0.0,
                            "count": 0,
                            "is_parallel": true,
                            "self": 0.0,
                            "children": {
                                "trainer_advance": {
                                    "total": 19204.792255600238,
                                    "count": 862906,
                                    "is_parallel": true,
                                    "self": 33.87690060197201,
                                    "children": {
                                        "process_trajectory": {
                                            "total": 13347.340525198273,
                                            "count": 862906,
                                            "is_parallel": true,
                                            "self": 13346.981046298273,
                                            "children": {
                                                "RLTrainer._checkpoint": {
                                                    "total": 0.35947889999988547,
                                                    "count": 4,
                                                    "is_parallel": true,
                                                    "self": 0.35947889999988547
                                                }
                                            }
                                        },
                                        "_update_policy": {
                                            "total": 5823.574829799994,
                                            "count": 160,
                                            "is_parallel": true,
                                            "self": 1955.3596424996163,
                                            "children": {
                                                "TorchPPOOptimizer.update": {
                                                    "total": 2978.5212018999805,
                                                    "count": 93396,
                                                    "is_parallel": true,
                                                    "self": 2978.5212018999805
                                                },
                                                "TorchPolicy.sample_actions": {
                                                    "total": 889.6939854003975,
                                                    "count": 197760,
                                                    "is_parallel": true,
                                                    "self": 889.6939854003975
                                                }
                                            }
                                        }
                                    }
                                }
                            }
                        }
                    }
                },
                "TrainerController._save_models": {
                    "total": 0.07542299999840907,
                    "count": 1,
                    "self": 0.012672900000325171,
                    "children": {
                        "RLTrainer._checkpoint": {
                            "total": 0.0627500999980839,
                            "count": 1,
                            "self": 0.0627500999980839
                        }
                    }
                }
            }
        }
    }
}