{
    "Brain": {
        "checkpoints": [
            {
                "steps": 499956,
                "file_path": "results\\FinalImTrain5\\Brain\\Brain-499956.onnx",
                "reward": -1065.9999961853027,
                "creation_time": 1651241419.0886192
            },
            {
                "steps": 999966,
                "file_path": "results\\FinalImTrain5\\Brain\\Brain-999966.onnx",
                "reward": null,
                "creation_time": 1651246174.442821
            },
            {
                "steps": 1499630,
                "file_path": "results\\FinalImTrain5\\Brain\\Brain-1499630.onnx",
                "reward": null,
                "creation_time": 1651250924.2056253
            },
            {
                "steps": 1999702,
                "file_path": "results\\FinalImTrain5\\Brain\\Brain-1999702.onnx",
                "reward": null,
                "creation_time": 1651255677.0799506
            },
            {
                "steps": 2000702,
                "file_path": "results\\FinalImTrain5\\Brain\\Brain-2000702.onnx",
                "reward": null,
                "creation_time": 1651255677.2064302
            }
        ],
        "final_checkpoint": {
            "steps": 2000702,
            "file_path": "results\\FinalImTrain5\\Brain.onnx",
            "reward": null,
            "creation_time": 1651255677.2064302
        }
    },
    "metadata": {
        "stats_format_version": "0.2.0",
        "mlagents_version": "0.22.0",
        "torch_version": "1.7.0+cu110",
        "tensorflow_version": -1
    }
}