{
    "name": "root",
    "gauges": {
        "Brain.Policy.Entropy.mean": {
            "value": 0.21746596693992615,
            "min": 0.20504221320152283,
            "max": 0.231636643409729,
            "count": 5
        },
        "Brain.Policy.ExtrinsicValueEstimate.mean": {
            "value": 2.7970404624938965,
            "min": 2.7696003913879395,
            "max": 2.942371129989624,
            "count": 5
        },
        "Brain.Environment.EpisodeLength.mean": {
            "value": 19490.2,
            "min": 13033.0,
            "max": 19490.2,
            "count": 5
        },
        "Brain.Environment.CumulativeReward.mean": {
            "value": -390.0586938381195,
            "min": -625.6155858798461,
            "max": -390.0586938381195,
            "count": 5
        },
        "Brain.Policy.ExtrinsicReward.mean": {
            "value": -390.0586938381195,
            "min": -625.6155858798461,
            "max": -390.0586938381195,
            "count": 5
        },
        "Brain.Losses.PolicyLoss.mean": {
            "value": 0.08887713671241951,
            "min": 0.08887713671241951,
            "max": 0.09739418011775183,
            "count": 5
        },
        "Brain.Losses.ValueLoss.mean": {
            "value": 1084.306869477076,
            "min": 1015.7854828805353,
            "max": 2834.7367281107636,
            "count": 5
        },
        "Brain.Policy.LearningRate.mean": {
            "value": 2.92962902346e-05,
            "min": 2.92962902346e-05,
            "max": 0.00026922952454254276,
            "count": 5
        },
        "Brain.Policy.Epsilon.mean": {
            "value": 0.1097654,
            "min": 0.1097654,
            "max": 0.18974317142857142,
            "count": 5
        },
        "Brain.Policy.Beta.mean": {
            "value": 0.00010667746,
            "min": 0.00010667746,
            "max": 0.000898457397142857,
            "count": 5
        },
        "Brain.IsTraining.mean": {
            "value": 1.0,
            "min": 1.0,
            "max": 1.0,
            "count": 5
        }
    },
    "metadata": {
        "timer_format_version": "0.1.0",
        "start_time_seconds": "1651860160",
        "python_version": "3.7.9 (tags/v3.7.9:13c94747c7, Aug 17 2020, 16:30:00) [MSC v.1900 64 bit (AMD64)]",
        "command_line_arguments": "C:\\Users\\Owner\\AppData\\Local\\Packages\\PythonSoftwareFoundation.Python.3.7_qbz5n2kfra8p0\\LocalCache\\local-packages\\Python37\\Scripts\\mlagents-learn C:\\Users\\Owner\\Desktop\\Baby_Shark\\config\\Brain.yaml --initialize-from=PPOTraining2 --run-id=PPOTraining3",
        "mlagents_version": "0.22.0",
        "mlagents_envs_version": "0.22.0",
        "communication_protocol_version": "1.2.0",
        "pytorch_version": "1.7.0+cu110",
        "numpy_version": "1.18.5",
        "end_time_seconds": "1651864885"
    },
    "total": 4725.0928904,
    "count": 1,
    "self": 0.1464577000006102,
    "children": {
        "run_training.setup": {
            "total": 0.026198399999999955,
            "count": 1,
            "self": 0.026198399999999955
        },
        "TrainerController.start_learning": {
            "total": 4724.9202343,
            "count": 1,
            "self": 13.55979510002544,
            "children": {
                "TrainerController._reset_env": {
                    "total": 9.5115649,
                    "count": 1,
                    "self": 9.5115649
                },
                "TrainerController.advance": {
                    "total": 4701.775909199974,
                    "count": 500812,
                    "self": 7.535135599648129,
                    "children": {
                        "env_step": {
                            "total": 4694.240773600326,
                            "count": 500812,
                            "self": 3029.330214000309,
                            "children": {
                                "SubprocessEnvManager._take_step": {
                                    "total": 1657.8393905999437,
                                    "count": 500812,
                                    "self": 35.497765899991464,
                                    "children": {
                                        "TorchPolicy.evaluate": {
                                            "total": 1622.3416246999523,
                                            "count": 500812,
                                            "self": 400.8345416000391,
                                            "children": {
                                                "TorchPolicy.sample_actions": {
                                                    "total": 1221.5070830999132,
                                                    "count": 500812,
                                                    "self": 1221.5070830999132
                                                }
                                            }
                                        }
                                    }
                                },
                                "workers": {
                                    "total": 7.071169000073567,
                                    "count": 500812,
                                    "self": 0.0,
                                    "children": {
                                        "worker_root": {
                                            "total": 4702.082590800042,
                                            "count": 500812,
                                            "is_parallel": true,
                                            "self": 2192.2956723998186,
                                            "children": {
                                                "steps_from_proto": {
                                                    "total": 0.0004464999999997943,
                                                    "count": 1,
                                                    "is_parallel": true,
                                                    "self": 0.00017129999999898615,
                                                    "children": {
                                                        "_process_vector_observation": {
                                                            "total": 0.00027520000000080813,
                                                            "count": 4,
                                                            "is_parallel": true,
                                                            "self": 0.00027520000000080813
                                                        }
                                                    }
                                                },
                                                "UnityEnvironment.step": {
                                                    "total": 2509.7864719002237,
                                                    "count": 500812,
                                                    "is_parallel": true,
                                                    "self": 49.537202000456546,
                                                    "children": {
                                                        "UnityEnvironment._generate_step_input": {
                                                            "total": 36.03098589970648,
                                                            "count": 500812,
                                                            "is_parallel": true,
                                                            "self": 36.03098589970648
                                                        },
                                                        "communicator.exchange": {
                                                            "total": 2257.388652100046,
                                                            "count": 500812,
                                                            "is_parallel": true,
                                                            "self": 2257.388652100046
                                                        },
                                                        "steps_from_proto": {
                                                            "total": 166.82963190001445,
                                                            "count": 500812,
                                                            "is_parallel": true,
                                                            "self": 74.7224701990936,
                                                            "children": {
                                                                "_process_vector_observation": {
                                                                    "total": 92.10716170092084,
                                                                    "count": 2003248,
                                                                    "is_parallel": true,
                                                                    "self": 92.10716170092084
                                                                }
                                                            }
                                                        }
                                                    }
                                                }
                                            }
                                        }
                                    }
                                }
                            }
                        }
                    }
                },
                "trainer_threads": {
                    "total": 2.3100000362319406e-05,
                    "count": 1,
                    "self": 2.3100000362319406e-05,
                    "children": {
                        "thread_root": {
                            "total": 0.0,
                            "count": 0,
                            "is_parallel": true,
                            "self": 0.0,
                            "children": {
                                "trainer_advance": {
                                    "total": 4710.158007599871,
                                    "count": 274413,
                                    "is_parallel": true,
                                    "self": 11.184163199934119,
                                    "children": {
                                        "process_trajectory": {
                                            "total": 4236.466145799938,
                                            "count": 274413,
                                            "is_parallel": true,
                                            "self": 4236.356420899938,
                                            "children": {
                                                "RLTrainer._checkpoint": {
                                                    "total": 0.10972490000040125,
                                                    "count": 1,
                                                    "is_parallel": true,
                                                    "self": 0.10972490000040125
                                                }
                                            }
                                        },
                                        "_update_policy": {
                                            "total": 462.5076985999989,
                                            "count": 39,
                                            "is_parallel": true,
                                            "self": 38.48541840003901,
                                            "children": {
                                                "TorchPPOOptimizer.update": {
                                                    "total": 424.0222801999599,
                                                    "count": 23154,
                                                    "is_parallel": true,
                                                    "self": 424.0222801999599
                                                }
                                            }
                                        }
                                    }
                                }
                            }
                        }
                    }
                },
                "TrainerController._save_models": {
                    "total": 0.07294199999978446,
                    "count": 1,
                    "self": 0.011349400000653986,
                    "children": {
                        "RLTrainer._checkpoint": {
                            "total": 0.06159259999913047,
                            "count": 1,
                            "self": 0.06159259999913047
                        }
                    }
                }
            }
        }
    }
}