{
    "Brain": {
        "checkpoints": [
            {
                "steps": 499806,
                "file_path": "results\\PPOTraining3\\Brain\\Brain-499806.onnx",
                "reward": null,
                "creation_time": 1651864885.0442467
            },
            {
                "steps": 500806,
                "file_path": "results\\PPOTraining3\\Brain\\Brain-500806.onnx",
                "reward": null,
                "creation_time": 1651864885.1692586
            }
        ],
        "final_checkpoint": {
            "steps": 500806,
            "file_path": "results\\PPOTraining3\\Brain.onnx",
            "reward": null,
            "creation_time": 1651864885.1692586
        }
    },
    "metadata": {
        "stats_format_version": "0.2.0",
        "mlagents_version": "0.22.0",
        "torch_version": "1.7.0+cu110",
        "tensorflow_version": -1
    }
}