{
    "name": "root",
    "gauges": {
        "Brain.Policy.Entropy.mean": {
            "value": 0.8688857555389404,
            "min": 0.8688857555389404,
            "max": 1.0940322875976562,
            "count": 10
        },
        "Brain.Policy.Entropy.sum": {
            "value": 43409.53125,
            "min": 43409.53125,
            "max": 54722.3984375,
            "count": 10
        },
        "Brain.Step.mean": {
            "value": 499941.0,
            "min": 49955.0,
            "max": 499941.0,
            "count": 10
        },
        "Brain.Step.sum": {
            "value": 499941.0,
            "min": 49955.0,
            "max": 499941.0,
            "count": 10
        },
        "Brain.Policy.ExtrinsicValueEstimate.mean": {
            "value": -7.301180839538574,
            "min": -27.405744552612305,
            "max": -6.349301338195801,
            "count": 10
        },
        "Brain.Policy.ExtrinsicValueEstimate.sum": {
            "value": -5709.5234375,
            "min": -21787.56640625,
            "max": -4965.15380859375,
            "count": 10
        },
        "Brain.Environment.EpisodeLength.mean": {
            "value": 22771.0,
            "min": 1600.1290322580646,
            "max": 29593.0,
            "count": 10
        },
        "Brain.Environment.EpisodeLength.sum": {
            "value": 45542.0,
            "min": 15851.0,
            "max": 88779.0,
            "count": 10
        },
        "Brain.Environment.CumulativeReward.mean": {
            "value": -659.2300477921963,
            "min": -1544.0334226687748,
            "max": -659.2300477921963,
            "count": 10
        },
        "Brain.Environment.CumulativeReward.sum": {
            "value": -1318.4600955843925,
            "min": -35229.550879597664,
            "max": -1318.4600955843925,
            "count": 10
        },
        "Brain.Policy.ExtrinsicReward.mean": {
            "value": -659.2300477921963,
            "min": -1544.0334226687748,
            "max": -659.2300477921963,
            "count": 10
        },
        "Brain.Policy.ExtrinsicReward.sum": {
            "value": -1318.4600955843925,
            "min": -35229.550879597664,
            "max": -1318.4600955843925,
            "count": 10
        },
        "Brain.Losses.PolicyLoss.mean": {
            "value": 0.024003811773533622,
            "min": 0.020854387764508524,
            "max": 0.026689080605283383,
            "count": 10
        },
        "Brain.Losses.PolicyLoss.sum": {
            "value": 0.12001905886766812,
            "min": 0.08978619859553874,
            "max": 0.13344540302641691,
            "count": 10
        },
        "Brain.Losses.ValueLoss.mean": {
            "value": 301.6828314781189,
            "min": 301.6828314781189,
            "max": 4303.553729248047,
            "count": 10
        },
        "Brain.Losses.ValueLoss.sum": {
            "value": 1508.4141573905945,
            "min": 1508.4141573905945,
            "max": 19107.000567626954,
            "count": 10
        },
        "Brain.Policy.LearningRate.mean": {
            "value": 1.6211374596239998e-05,
            "min": 1.6211374596239998e-05,
            "max": 0.0002846187051271,
            "count": 10
        },
        "Brain.Policy.LearningRate.sum": {
            "value": 8.105687298119999e-05,
            "min": 8.105687298119999e-05,
            "max": 0.0012843804718732,
            "count": 10
        },
        "Brain.Policy.Epsilon.mean": {
            "value": 0.10540376,
            "min": 0.10540376,
            "max": 0.1948729,
            "count": 10
        },
        "Brain.Policy.Epsilon.sum": {
            "value": 0.5270188,
            "min": 0.4997832000000001,
            "max": 0.9281268000000001,
            "count": 10
        },
        "Brain.Policy.Beta.mean": {
            "value": 0.000279647624,
            "min": 0.000279647624,
            "max": 0.0047441577099999995,
            "count": 10
        },
        "Brain.Policy.Beta.sum": {
            "value": 0.00139823812,
            "min": 0.00139823812,
            "max": 0.021413527319999997,
            "count": 10
        },
        "Brain.IsTraining.mean": {
            "value": 1.0,
            "min": 1.0,
            "max": 1.0,
            "count": 10
        },
        "Brain.IsTraining.sum": {
            "value": 1.0,
            "min": 1.0,
            "max": 1.0,
            "count": 10
        }
    },
    "metadata": {
        "timer_format_version": "0.1.0",
        "start_time_seconds": "1649766215",
        "python_version": "3.9.0 (tags/v3.9.0:9cf6752, Oct  5 2020, 15:34:40) [MSC v.1927 64 bit (AMD64)]",
        "command_line_arguments": "C:\\Users\\Owner\\AppData\\Local\\Programs\\Python\\Python39\\Scripts\\mlagents-learn --run-id=TestNew1",
        "mlagents_version": "0.29.0",
        "mlagents_envs_version": "0.29.0",
        "communication_protocol_version": "1.5.0",
        "pytorch_version": "1.7.1+cu110",
        "numpy_version": "1.19.3",
        "end_time_seconds": "1649769396"
    },
    "total": 3180.6860358999998,
    "count": 1,
    "self": 0.011183199999777571,
    "children": {
        "run_training.setup": {
            "total": 0.10424630000000001,
            "count": 1,
            "self": 0.10424630000000001
        },
        "TrainerController.start_learning": {
            "total": 3180.5706064,
            "count": 1,
            "self": 9.916549399991709,
            "children": {
                "TrainerController._reset_env": {
                    "total": 14.3113769,
                    "count": 1,
                    "self": 14.3113769
                },
                "TrainerController.advance": {
                    "total": 3156.281148800008,
                    "count": 500005,
                    "self": 9.351875800142352,
                    "children": {
                        "env_step": {
                            "total": 2971.3165028998283,
                            "count": 500005,
                            "self": 1748.4452041997622,
                            "children": {
                                "SubprocessEnvManager._take_step": {
                                    "total": 1216.3473684000194,
                                    "count": 500005,
                                    "self": 28.679287900114787,
                                    "children": {
                                        "TorchPolicy.evaluate": {
                                            "total": 1187.6680804999046,
                                            "count": 500005,
                                            "self": 493.51419710000664,
                                            "children": {
                                                "TorchPolicy.sample_actions": {
                                                    "total": 694.153883399898,
                                                    "count": 500005,
                                                    "self": 694.153883399898
                                                }
                                            }
                                        }
                                    }
                                },
                                "workers": {
                                    "total": 6.523930300046647,
                                    "count": 500005,
                                    "self": 0.0,
                                    "children": {
                                        "worker_root": {
                                            "total": 3152.7762860000407,
                                            "count": 500005,
                                            "is_parallel": true,
                                            "self": 1897.575386200132,
                                            "children": {
                                                "steps_from_proto": {
                                                    "total": 0.004458800000000096,
                                                    "count": 1,
                                                    "is_parallel": true,
                                                    "self": 0.001193900000000525,
                                                    "children": {
                                                        "_process_rank_one_or_two_observation": {
                                                            "total": 0.003264899999999571,
                                                            "count": 4,
                                                            "is_parallel": true,
                                                            "self": 0.003264899999999571
                                                        }
                                                    }
                                                },
                                                "UnityEnvironment.step": {
                                                    "total": 1255.1964409999086,
                                                    "count": 500005,
                                                    "is_parallel": true,
                                                    "self": 41.820529299819555,
                                                    "children": {
                                                        "UnityEnvironment._generate_step_input": {
                                                            "total": 36.357924299923496,
                                                            "count": 500005,
                                                            "is_parallel": true,
                                                            "self": 36.357924299923496
                                                        },
                                                        "communicator.exchange": {
                                                            "total": 1015.97619330011,
                                                            "count": 500005,
                                                            "is_parallel": true,
                                                            "self": 1015.97619330011
                                                        },
                                                        "steps_from_proto": {
                                                            "total": 161.04179410005543,
                                                            "count": 500005,
                                                            "is_parallel": true,
                                                            "self": 73.22123820013618,
                                                            "children": {
                                                                "_process_rank_one_or_two_observation": {
                                                                    "total": 87.82055589991924,
                                                                    "count": 2000020,
                                                                    "is_parallel": true,
                                                                    "self": 87.82055589991924
                                                                }
                                                            }
                                                        }
                                                    }
                                                }
                                            }
                                        }
                                    }
                                }
                            }
                        },
                        "trainer_advance": {
                            "total": 175.61277010003735,
                            "count": 500005,
                            "self": 12.471442099927174,
                            "children": {
                                "process_trajectory": {
                                    "total": 51.826778100111184,
                                    "count": 500005,
                                    "self": 51.753719400111365,
                                    "children": {
                                        "RLTrainer._checkpoint": {
                                            "total": 0.07305869999981951,
                                            "count": 1,
                                            "self": 0.07305869999981951
                                        }
                                    }
                                },
                                "_update_policy": {
                                    "total": 111.314549899999,
                                    "count": 48,
                                    "self": 92.38998600000224,
                                    "children": {
                                        "TorchPPOOptimizer.update": {
                                            "total": 18.924563899996755,
                                            "count": 1440,
                                            "self": 18.924563899996755
                                        }
                                    }
                                }
                            }
                        }
                    }
                },
                "trainer_threads": {
                    "total": 8.000001798791345e-07,
                    "count": 1,
                    "self": 8.000001798791345e-07
                },
                "TrainerController._save_models": {
                    "total": 0.06153050000011717,
                    "count": 1,
                    "self": 0.0121409000003041,
                    "children": {
                        "RLTrainer._checkpoint": {
                            "total": 0.04938959999981307,
                            "count": 1,
                            "self": 0.04938959999981307
                        }
                    }
                }
            }
        }
    }
}