{
    "Brain": {
        "checkpoints": [
            {
                "steps": 499941,
                "file_path": "results\\TestNew1\\Brain\\Brain-499941.onnx",
                "reward": null,
                "creation_time": 1649769396.1293032,
                "auxillary_file_paths": [
                    "results\\TestNew1\\Brain\\Brain-499941.pt"
                ]
            },
            {
                "steps": 500005,
                "file_path": "results\\TestNew1\\Brain\\Brain-500005.onnx",
                "reward": null,
                "creation_time": 1649769396.1848626,
                "auxillary_file_paths": [
                    "results\\TestNew1\\Brain\\Brain-500005.pt"
                ]
            }
        ],
        "final_checkpoint": {
            "steps": 500005,
            "file_path": "results\\TestNew1\\Brain.onnx",
            "reward": null,
            "creation_time": 1649769396.1848626,
            "auxillary_file_paths": [
                "results\\TestNew1\\Brain\\Brain-500005.pt"
            ]
        }
    },
    "metadata": {
        "stats_format_version": "0.3.0",
        "mlagents_version": "0.29.0",
        "torch_version": "1.7.1+cu110"
    }
}