{
    "name": "root",
    "metadata": {
        "timer_format_version": "0.1.0",
        "start_time_seconds": "1651229567",
        "python_version": "3.7.9 (tags/v3.7.9:13c94747c7, Aug 17 2020, 16:30:00) [MSC v.1900 64 bit (AMD64)]",
        "command_line_arguments": "C:\\Users\\Owner\\AppData\\Local\\Packages\\PythonSoftwareFoundation.Python.3.7_qbz5n2kfra8p0\\LocalCache\\local-packages\\Python37\\Scripts\\mlagents-learn C:\\Users\\Owner\\Desktop\\Baby_Shark\\config\\Im\\Brain.yaml --run-id=FinalImTrain2",
        "mlagents_version": "0.22.0",
        "mlagents_envs_version": "0.22.0",
        "communication_protocol_version": "1.2.0",
        "pytorch_version": "1.7.0+cu110",
        "numpy_version": "1.18.5",
        "end_time_seconds": "1651229602"
    },
    "total": 34.5678426,
    "count": 1,
    "self": 0.020040899999990813,
    "children": {
        "run_training.setup": {
            "total": 0.023388500000000034,
            "count": 1,
            "self": 0.023388500000000034
        },
        "TrainerController.start_learning": {
            "total": 34.524413200000005,
            "count": 1,
            "self": 0.006484800000002622,
            "children": {
                "TrainerController._reset_env": {
                    "total": 33.418696,
                    "count": 1,
                    "self": 5.979309699999995,
                    "children": {
                        "demo_to_buffer": {
                            "total": 27.439386300000002,
                            "count": 2,
                            "self": 0.07147909999999769,
                            "children": {
                                "load_demonstration": {
                                    "total": 0.32665149999999876,
                                    "count": 2,
                                    "self": 0.3038155999999974,
                                    "children": {
                                        "read_file": {
                                            "total": 0.022835900000001352,
                                            "count": 2,
                                            "self": 0.022835900000001352
                                        }
                                    }
                                },
                                "make_demo_buffer": {
                                    "total": 27.041255700000004,
                                    "count": 2,
                                    "self": 4.835262500000944,
                                    "children": {
                                        "steps_from_proto": {
                                            "total": 22.20599319999906,
                                            "count": 105692,
                                            "self": 10.468131300001673,
                                            "children": {
                                                "_process_vector_observation": {
                                                    "total": 11.737861899997387,
                                                    "count": 422768,
                                                    "self": 11.737861899997387
                                                }
                                            }
                                        }
                                    }
                                }
                            }
                        }
                    }
                },
                "TrainerController.advance": {
                    "total": 0.9662205999999998,
                    "count": 19,
                    "self": 0.00026550000000469254,
                    "children": {
                        "env_step": {
                            "total": 0.9659550999999951,
                            "count": 19,
                            "self": 0.6321955000000159,
                            "children": {
                                "SubprocessEnvManager._take_step": {
                                    "total": 0.33354289999999054,
                                    "count": 19,
                                    "self": 0.0012500999999787155,
                                    "children": {
                                        "TorchPolicy.evaluate": {
                                            "total": 0.3322928000000118,
                                            "count": 19,
                                            "self": 0.013608000000012055,
                                            "children": {
                                                "TorchPolicy.sample_actions": {
                                                    "total": 0.31868479999999977,
                                                    "count": 19,
                                                    "self": 0.31868479999999977
                                                }
                                            }
                                        }
                                    }
                                },
                                "workers": {
                                    "total": 0.00021669999998863432,
                                    "count": 18,
                                    "self": 0.0,
                                    "children": {
                                        "worker_root": {
                                            "total": 29.9205472,
                                            "count": 18,
                                            "is_parallel": true,
                                            "self": 29.34814170000001,
                                            "children": {
                                                "steps_from_proto": {
                                                    "total": 0.000510400000000466,
                                                    "count": 1,
                                                    "is_parallel": true,
                                                    "self": 0.00021580000000120947,
                                                    "children": {
                                                        "_process_vector_observation": {
                                                            "total": 0.00029459999999925657,
                                                            "count": 4,
                                                            "is_parallel": true,
                                                            "self": 0.00029459999999925657
                                                        }
                                                    }
                                                },
                                                "UnityEnvironment.step": {
                                                    "total": 0.5718950999999919,
                                                    "count": 18,
                                                    "is_parallel": true,
                                                    "self": 0.0017289000000175747,
                                                    "children": {
                                                        "UnityEnvironment._generate_step_input": {
                                                            "total": 0.0012195000000119194,
                                                            "count": 18,
                                                            "is_parallel": true,
                                                            "self": 0.0012195000000119194
                                                        },
                                                        "communicator.exchange": {
                                                            "total": 0.5631797999999861,
                                                            "count": 18,
                                                            "is_parallel": true,
                                                            "self": 0.5631797999999861
                                                        },
                                                        "steps_from_proto": {
                                                            "total": 0.0057668999999762605,
                                                            "count": 18,
                                                            "is_parallel": true,
                                                            "self": 0.0026573999999826015,
                                                            "children": {
                                                                "_process_vector_observation": {
                                                                    "total": 0.003109499999993659,
                                                                    "count": 72,
                                                                    "is_parallel": true,
                                                                    "self": 0.003109499999993659
                                                                }
                                                            }
                                                        }
                                                    }
                                                }
                                            }
                                        }
                                    }
                                }
                            }
                        }
                    }
                },
                "trainer_threads": {
                    "total": 1.810000000546097e-05,
                    "count": 1,
                    "self": 1.810000000546097e-05,
                    "children": {
                        "thread_root": {
                            "total": 0.0,
                            "count": 0,
                            "is_parallel": true,
                            "self": 0.0,
                            "children": {
                                "trainer_advance": {
                                    "total": 0.9700597999999729,
                                    "count": 64,
                                    "is_parallel": true,
                                    "self": 0.002414899999948261,
                                    "children": {
                                        "process_trajectory": {
                                            "total": 0.9676449000000247,
                                            "count": 64,
                                            "is_parallel": true,
                                            "self": 0.9676449000000247
                                        }
                                    }
                                }
                            }
                        }
                    }
                },
                "TrainerController._save_models": {
                    "total": 0.1329937000000001,
                    "count": 1,
                    "self": 0.019278899999996213,
                    "children": {
                        "RLTrainer._checkpoint": {
                            "total": 0.11371480000000389,
                            "count": 1,
                            "self": 0.11371480000000389
                        }
                    }
                }
            }
        }
    }
}