{
    "Brain": {
        "checkpoints": [
            {
                "steps": 0,
                "file_path": "results\\FinalImTrain2\\Brain\\Brain-0.onnx",
                "reward": null,
                "creation_time": 1651229602.0578048
            }
        ],
        "final_checkpoint": {
            "steps": 0,
            "file_path": "results\\FinalImTrain2\\Brain.onnx",
            "reward": null,
            "creation_time": 1651229602.0578048
        }
    },
    "metadata": {
        "stats_format_version": "0.2.0",
        "mlagents_version": "0.22.0",
        "torch_version": "1.7.0+cu110",
        "tensorflow_version": -1
    }
}