{
    "name": "root",
    "gauges": {
        "Brain.Policy.Entropy.mean": {
            "value": 0.16137312352657318,
            "min": 0.15561972558498383,
            "max": 0.18141724169254303,
            "count": 5
        },
        "Brain.Policy.ExtrinsicValueEstimate.mean": {
            "value": 3.4612319469451904,
            "min": 3.302886724472046,
            "max": 3.6529674530029297,
            "count": 5
        },
        "Brain.Losses.PolicyLoss.mean": {
            "value": 0.09621312127643605,
            "min": 0.09619634777344946,
            "max": 0.10058200436103024,
            "count": 5
        },
        "Brain.Losses.ValueLoss.mean": {
            "value": 1023.6733854235713,
            "min": 249.39569923951927,
            "max": 1250.9786128204644,
            "count": 5
        },
        "Brain.Policy.LearningRate.mean": {
            "value": 3.3255763914774997e-05,
            "min": 3.3255763914774997e-05,
            "max": 0.00026900366747497137,
            "count": 5
        },
        "Brain.Policy.Epsilon.mean": {
            "value": 0.11108522500000001,
            "min": 0.11108522500000001,
            "max": 0.18966788571428572,
            "count": 5
        },
        "Brain.Policy.Beta.mean": {
            "value": 0.0001197437275,
            "min": 0.0001197437275,
            "max": 0.0008977120685714288,
            "count": 5
        },
        "Brain.Environment.EpisodeLength.mean": {
            "value": 32561.25,
            "min": 26509.0,
            "max": 56207.0,
            "count": 5
        },
        "Brain.Environment.CumulativeReward.mean": {
            "value": 277.43743711709976,
            "min": 3.660155153274536,
            "max": 1123.2083382606506,
            "count": 5
        },
        "Brain.Policy.ExtrinsicReward.mean": {
            "value": 277.43743711709976,
            "min": 3.660155153274536,
            "max": 1123.2083382606506,
            "count": 5
        },
        "Brain.IsTraining.mean": {
            "value": 1.0,
            "min": 1.0,
            "max": 1.0,
            "count": 5
        }
    },
    "metadata": {
        "timer_format_version": "0.1.0",
        "start_time_seconds": "1651910941",
        "python_version": "3.7.9 (tags/v3.7.9:13c94747c7, Aug 17 2020, 16:30:00) [MSC v.1900 64 bit (AMD64)]",
        "command_line_arguments": "C:\\Users\\Owner\\AppData\\Local\\Packages\\PythonSoftwareFoundation.Python.3.7_qbz5n2kfra8p0\\LocalCache\\local-packages\\Python37\\Scripts\\mlagents-learn C:\\Users\\Owner\\Desktop\\Baby_Shark\\config\\Brain.yaml --initialize-from=PPOTraining4 --run-id=PPOTraining5",
        "mlagents_version": "0.22.0",
        "mlagents_envs_version": "0.22.0",
        "communication_protocol_version": "1.2.0",
        "pytorch_version": "1.7.0+cu110",
        "numpy_version": "1.18.5",
        "end_time_seconds": "1651916291"
    },
    "total": 5349.656175900001,
    "count": 1,
    "self": 0.15449850000004517,
    "children": {
        "run_training.setup": {
            "total": 0.027485800000000005,
            "count": 1,
            "self": 0.027485800000000005
        },
        "TrainerController.start_learning": {
            "total": 5349.4741916,
            "count": 1,
            "self": 16.02166180003678,
            "children": {
                "TrainerController._reset_env": {
                    "total": 11.0055713,
                    "count": 1,
                    "self": 11.0055713
                },
                "TrainerController.advance": {
                    "total": 5322.373715999964,
                    "count": 500613,
                    "self": 8.45906499992634,
                    "children": {
                        "env_step": {
                            "total": 5313.914651000037,
                            "count": 500613,
                            "self": 3382.751648599621,
                            "children": {
                                "SubprocessEnvManager._take_step": {
                                    "total": 1922.9543766004113,
                                    "count": 500613,
                                    "self": 45.69627550027826,
                                    "children": {
                                        "TorchPolicy.evaluate": {
                                            "total": 1877.258101100133,
                                            "count": 500613,
                                            "self": 482.14247440020563,
                                            "children": {
                                                "TorchPolicy.sample_actions": {
                                                    "total": 1395.1156266999274,
                                                    "count": 500613,
                                                    "self": 1395.1156266999274
                                                }
                                            }
                                        }
                                    }
                                },
                                "workers": {
                                    "total": 8.208625800004995,
                                    "count": 500613,
                                    "self": 0.0,
                                    "children": {
                                        "worker_root": {
                                            "total": 5323.739971599816,
                                            "count": 500613,
                                            "is_parallel": true,
                                            "self": 2548.6117274999438,
                                            "children": {
                                                "steps_from_proto": {
                                                    "total": 0.00047080000000043754,
                                                    "count": 1,
                                                    "is_parallel": true,
                                                    "self": 0.0001955999999996294,
                                                    "children": {
                                                        "_process_vector_observation": {
                                                            "total": 0.00027520000000080813,
                                                            "count": 4,
                                                            "is_parallel": true,
                                                            "self": 0.00027520000000080813
                                                        }
                                                    }
                                                },
                                                "UnityEnvironment.step": {
                                                    "total": 2775.1277732998724,
                                                    "count": 500613,
                                                    "is_parallel": true,
                                                    "self": 52.19911729986234,
                                                    "children": {
                                                        "UnityEnvironment._generate_step_input": {
                                                            "total": 38.060722099990436,
                                                            "count": 500613,
                                                            "is_parallel": true,
                                                            "self": 38.060722099990436
                                                        },
                                                        "communicator.exchange": {
                                                            "total": 2511.3631083001615,
                                                            "count": 500613,
                                                            "is_parallel": true,
                                                            "self": 2511.3631083001615
                                                        },
                                                        "steps_from_proto": {
                                                            "total": 173.50482559985807,
                                                            "count": 500613,
                                                            "is_parallel": true,
                                                            "self": 77.50095560006073,
                                                            "children": {
                                                                "_process_vector_observation": {
                                                                    "total": 96.00386999979733,
                                                                    "count": 2002452,
                                                                    "is_parallel": true,
                                                                    "self": 96.00386999979733
                                                                }
                                                            }
                                                        }
                                                    }
                                                }
                                            }
                                        }
                                    }
                                }
                            }
                        }
                    }
                },
                "trainer_threads": {
                    "total": 2.6899999284069054e-05,
                    "count": 1,
                    "self": 2.6899999284069054e-05,
                    "children": {
                        "thread_root": {
                            "total": 0.0,
                            "count": 0,
                            "is_parallel": true,
                            "self": 0.0,
                            "children": {
                                "trainer_advance": {
                                    "total": 5331.384839800134,
                                    "count": 310767,
                                    "is_parallel": true,
                                    "self": 13.77318890022616,
                                    "children": {
                                        "process_trajectory": {
                                            "total": 4823.500199099904,
                                            "count": 310767,
                                            "is_parallel": true,
                                            "self": 4823.381978999904,
                                            "children": {
                                                "RLTrainer._checkpoint": {
                                                    "total": 0.11822010000014416,
                                                    "count": 1,
                                                    "is_parallel": true,
                                                    "self": 0.11822010000014416
                                                }
                                            }
                                        },
                                        "_update_policy": {
                                            "total": 494.1114518000029,
                                            "count": 38,
                                            "is_parallel": true,
                                            "self": 38.2687738000721,
                                            "children": {
                                                "TorchPPOOptimizer.update": {
                                                    "total": 455.8426779999308,
                                                    "count": 22875,
                                                    "is_parallel": true,
                                                    "self": 455.8426779999308
                                                }
                                            }
                                        }
                                    }
                                }
                            }
                        }
                    }
                },
                "TrainerController._save_models": {
                    "total": 0.07321560000036698,
                    "count": 1,
                    "self": 0.00649740000062593,
                    "children": {
                        "RLTrainer._checkpoint": {
                            "total": 0.06671819999974105,
                            "count": 1,
                            "self": 0.06671819999974105
                        }
                    }
                }
            }
        }
    }
}