{
    "Brain": {
        "checkpoints": [
            {
                "steps": 499606,
                "file_path": "results\\PPOTraining5\\Brain\\Brain-499606.onnx",
                "reward": null,
                "creation_time": 1651916290.7532816
            },
            {
                "steps": 500606,
                "file_path": "results\\PPOTraining5\\Brain\\Brain-500606.onnx",
                "reward": null,
                "creation_time": 1651916290.8971212
            }
        ],
        "final_checkpoint": {
            "steps": 500606,
            "file_path": "results\\PPOTraining5\\Brain.onnx",
            "reward": null,
            "creation_time": 1651916290.8971212
        }
    },
    "metadata": {
        "stats_format_version": "0.2.0",
        "mlagents_version": "0.22.0",
        "torch_version": "1.7.0+cu110",
        "tensorflow_version": -1
    }
}