{
    "name": "root",
    "metadata": {
        "timer_format_version": "0.1.0",
        "start_time_seconds": "1649778941",
        "python_version": "3.7.9 (tags/v3.7.9:13c94747c7, Aug 17 2020, 16:30:00) [MSC v.1900 64 bit (AMD64)]",
        "command_line_arguments": "C:\\Users\\Owner\\AppData\\Local\\Packages\\PythonSoftwareFoundation.Python.3.7_qbz5n2kfra8p0\\LocalCache\\local-packages\\Python37\\Scripts\\mlagents-learn --run-id=Testnew3",
        "mlagents_version": "0.22.0",
        "mlagents_envs_version": "0.22.0",
        "communication_protocol_version": "1.2.0",
        "pytorch_version": "1.7.0+cu110",
        "numpy_version": "1.18.5",
        "end_time_seconds": "1649778971"
    },
    "total": 29.1790263,
    "count": 1,
    "self": 0.03851469999999679,
    "children": {
        "run_training.setup": {
            "total": 0.1640105999999999,
            "count": 1,
            "self": 0.1640105999999999
        },
        "TrainerController.start_learning": {
            "total": 28.976501000000003,
            "count": 1,
            "self": 0.07555970000004919,
            "children": {
                "TrainerController._reset_env": {
                    "total": 11.3636254,
                    "count": 1,
                    "self": 11.3636254
                },
                "TrainerController.advance": {
                    "total": 17.410658199999954,
                    "count": 2667,
                    "self": 0.03678979999996557,
                    "children": {
                        "env_step": {
                            "total": 17.37386839999999,
                            "count": 2667,
                            "self": 9.726212700000136,
                            "children": {
                                "SubprocessEnvManager._take_step": {
                                    "total": 7.6148279999999655,
                                    "count": 2667,
                                    "self": 0.17106739999983311,
                                    "children": {
                                        "TorchPolicy.evaluate": {
                                            "total": 7.443760600000132,
                                            "count": 2667,
                                            "self": 1.9999555999999856,
                                            "children": {
                                                "TorchPolicy.sample_actions": {
                                                    "total": 5.443805000000147,
                                                    "count": 2667,
                                                    "self": 5.443805000000147
                                                }
                                            }
                                        }
                                    }
                                },
                                "workers": {
                                    "total": 0.03282769999988666,
                                    "count": 2666,
                                    "self": 0.0,
                                    "children": {
                                        "worker_root": {
                                            "total": 19.025527000000128,
                                            "count": 2666,
                                            "is_parallel": true,
                                            "self": 11.826120800000199,
                                            "children": {
                                                "steps_from_proto": {
                                                    "total": 0.0006398000000000792,
                                                    "count": 1,
                                                    "is_parallel": true,
                                                    "self": 0.0002258000000008309,
                                                    "children": {
                                                        "_process_vector_observation": {
                                                            "total": 0.0004139999999992483,
                                                            "count": 4,
                                                            "is_parallel": true,
                                                            "self": 0.0004139999999992483
                                                        }
                                                    }
                                                },
                                                "UnityEnvironment.step": {
                                                    "total": 7.198766399999929,
                                                    "count": 2666,
                                                    "is_parallel": true,
                                                    "self": 0.2411075999999195,
                                                    "children": {
                                                        "UnityEnvironment._generate_step_input": {
                                                            "total": 0.18690230000005315,
                                                            "count": 2666,
                                                            "is_parallel": true,
                                                            "self": 0.18690230000005315
                                                        },
                                                        "communicator.exchange": {
                                                            "total": 5.947408299999967,
                                                            "count": 2666,
                                                            "is_parallel": true,
                                                            "self": 5.947408299999967
                                                        },
                                                        "steps_from_proto": {
                                                            "total": 0.8233481999999892,
                                                            "count": 2666,
                                                            "is_parallel": true,
                                                            "self": 0.36889629999982,
                                                            "children": {
                                                                "_process_vector_observation": {
                                                                    "total": 0.4544519000001692,
                                                                    "count": 10664,
                                                                    "is_parallel": true,
                                                                    "self": 0.4544519000001692
                                                                }
                                                            }
                                                        }
                                                    }
                                                }
                                            }
                                        }
                                    }
                                }
                            }
                        }
                    }
                },
                "trainer_threads": {
                    "total": 1.5600000001114722e-05,
                    "count": 1,
                    "self": 1.5600000001114722e-05,
                    "children": {
                        "thread_root": {
                            "total": 0.0,
                            "count": 0,
                            "is_parallel": true,
                            "self": 0.0,
                            "children": {
                                "trainer_advance": {
                                    "total": 17.46467840000008,
                                    "count": 1179,
                                    "is_parallel": true,
                                    "self": 0.04640510000011844,
                                    "children": {
                                        "process_trajectory": {
                                            "total": 17.41827329999996,
                                            "count": 1179,
                                            "is_parallel": true,
                                            "self": 17.41827329999996
                                        }
                                    }
                                }
                            }
                        }
                    }
                },
                "TrainerController._save_models": {
                    "total": 0.12664209999999798,
                    "count": 1,
                    "self": 0.014513299999997287,
                    "children": {
                        "RLTrainer._checkpoint": {
                            "total": 0.1121288000000007,
                            "count": 1,
                            "self": 0.1121288000000007
                        }
                    }
                }
            }
        }
    }
}