{
    "Brain": {
        "checkpoints": [
            {
                "steps": 2611,
                "file_path": "results\\Testnew3\\Brain\\Brain-2611.onnx",
                "reward": -1055.4750462770462,
                "creation_time": 1649778970.953123
            }
        ],
        "final_checkpoint": {
            "steps": 2611,
            "file_path": "results\\Testnew3\\Brain.onnx",
            "reward": -1055.4750462770462,
            "creation_time": 1649778970.953123
        }
    },
    "metadata": {
        "stats_format_version": "0.2.0",
        "mlagents_version": "0.22.0",
        "torch_version": "1.7.0+cu110",
        "tensorflow_version": -1
    }
}