{
    "name": "root",
    "metadata": {
        "timer_format_version": "0.1.0",
        "start_time_seconds": "1652349062",
        "python_version": "3.7.9 (tags/v3.7.9:13c94747c7, Aug 17 2020, 16:30:00) [MSC v.1900 64 bit (AMD64)]",
        "command_line_arguments": "C:\\Users\\Owner\\AppData\\Local\\Packages\\PythonSoftwareFoundation.Python.3.7_qbz5n2kfra8p0\\LocalCache\\local-packages\\Python37\\Scripts\\mlagents-learn C:\\Users\\Owner\\Desktop\\Baby_Shark\\config\\Brain.yaml --run-id=PPOTrain1",
        "mlagents_version": "0.22.0",
        "mlagents_envs_version": "0.22.0",
        "communication_protocol_version": "1.2.0",
        "pytorch_version": "1.7.0+cu110",
        "numpy_version": "1.18.5",
        "end_time_seconds": "1652349089"
    },
    "total": 26.429768499999998,
    "count": 1,
    "self": 0.13385329999999485,
    "children": {
        "run_training.setup": {
            "total": 0.04984169999999999,
            "count": 1,
            "self": 0.04984169999999999
        },
        "TrainerController.start_learning": {
            "total": 26.2460735,
            "count": 1,
            "self": 0.0007331000000014853,
            "children": {
                "TrainerController._reset_env": {
                    "total": 26.245116,
                    "count": 1,
                    "self": 26.245116
                },
                "trainer_threads": {
                    "total": 1.7999999997186933e-06,
                    "count": 1,
                    "self": 1.7999999997186933e-06
                },
                "TrainerController._save_models": {
                    "total": 0.00022260000000073887,
                    "count": 1,
                    "self": 0.00022260000000073887
                }
            }
        }
    }
}